#{"t_start": 1748654011.4573238, "env_id": "None"}
r,l,t
-32.0,1,7.139343
-32.0,1,7.13944
-50.0,1,8.420514
-50.0,1,8.420596
-50.0,1,11.605552
-50.0,2,13.473851
-32.0,1,13.473935
-32.0,1,15.433434
-50.0,1,15.433516
-50.0,1,18.051198
-50.0,1,19.368636
-47.0,2,19.368728
-50.0,1,21.460576
-44.0,2,23.214428
-32.0,1,23.214508
-50.0,1,25.477627
-41.0,2,26.615952
-50.0,1,26.616054
-50.0,1,28.472847
-32.0,1,30.346903
-41.0,2,30.346985
-50.0,1,32.637684
-50.0,1,33.736774
-41.0,2,33.736855
-50.0,1,35.812795
-50.0,1,36.989613
-41.0,2,36.989706
-50.0,1,39.156053
-44.0,2,41.063364
-32.0,1,41.063455
-50.0,1,43.201669
-44.0,2,45.655217
-50.0,1,46.803464
-47.0,2,46.803549
-44.0,2,50.685246
-35.0,2,50.68533
-50.0,1,52.711232
-44.0,2,54.731494
-44.0,2,57.220275
-47.0,2,60.400029
-50.0,2,63.55953
-50.0,2,66.035418
-47.0,2,68.276574
-41.0,2,70.502128
-38.0,1,70.502189
-50.0,1,73.349722
-47.0,2,76.46368
-50.0,2,79.505635
-47.0,2,83.566591
-50.0,2,87.481577
-47.0,2,91.319171
-47.0,2,94.501852
-47.0,2,97.90211
-35.0,1,100.106931
-47.0,2,100.10699
-50.0,1,102.709624
-47.0,2,104.967346
-44.0,2,106.740749
-32.0,1,106.740807
-50.0,1,109.469652
-47.0,2,111.777879
-50.0,1,112.981482
-44.0,2,112.981539
-50.0,2,119.955609
-47.0,2,119.955672
-47.0,2,127.815943
-47.0,2,127.816018
-50.0,2,133.743224
-44.0,2,133.743287
-29.0,1,137.845741
-47.0,2,139.307731
-50.0,1,139.307783
-50.0,1,142.784193
-50.0,2,144.066675
-50.0,1,144.066761
-47.0,2,149.237603
-47.0,2,149.237668
-32.0,1,152.997776
-50.0,1,154.177752
-50.0,2,154.177812
-38.0,2,159.074687
-50.0,2,159.074751
-50.0,1,161.525185
-47.0,2,162.673465
-50.0,1,162.673527
-50.0,1,163.800582
-50.0,1,163.800641
-32.0,1,166.601661
-44.0,2,167.708014
-50.0,1,167.708076
-50.0,1,168.835666
-50.0,1,168.835726
-35.0,1,171.804211
-44.0,2,172.821823
-50.0,1,172.821884
-50.0,1,175.339073
-50.0,1,176.437378
-47.0,2,176.437432
-32.0,1,178.219171
-50.0,1,178.219232
-50.0,1,180.607337
-47.0,2,183.701653
-50.0,2,185.350373
-32.0,1,185.350434
-50.0,1,186.443723
-50.0,1,186.443806
-35.0,2,190.55707
-47.0,2,190.557128
-32.0,1,193.180207
-38.0,2,194.350997
-50.0,1,194.351072
-47.0,2,198.712867
-44.0,2,198.712928
-50.0,2,203.774855
-41.0,2,203.774916
-47.0,2,207.905702
-41.0,2,207.90576
-32.0,1,212.000772
-50.0,1,214.005126
-50.0,2,214.005188
-44.0,2,218.265817
-41.0,2,218.265881
-50.0,1,221.195598
-50.0,2,222.422724
-50.0,1,222.422783
-38.0,1,226.749521
-47.0,2,231.380907
-50.0,1,233.105247
-50.0,2,233.105359
-50.0,1,237.392706
-47.0,2,239.827835
-35.0,1,239.827927
-35.0,1,242.793805
-50.0,1,242.793886
-50.0,1,245.878155
-47.0,2,247.978955
-44.0,2,250.862512
-50.0,1,252.0177
-47.0,2,252.017768
-50.0,1,255.138432
-50.0,2,257.79982
-47.0,2,259.678893
-35.0,2,262.048159
-47.0,2,265.399614
-50.0,1,266.543449
-44.0,2,266.543506
-35.0,2,270.142765
-41.0,2,270.142824
-50.0,1,272.710294
-47.0,2,275.145607
-50.0,1,276.282753
-47.0,2,276.282809
-50.0,2,282.804144
-47.0,2,282.804201
-50.0,1,284.580386
-32.0,1,284.580442
-50.0,1,286.300359
-35.0,2,288.630338
-47.0,2,290.225388
-8.0,2,293.068053
-35.0,1,293.068112
-50.0,1,294.174239
-50.0,1,294.174302
-47.0,2,298.58137
-44.0,2,298.581433
-50.0,1,299.71336
-50.0,1,299.713421
-32.0,1,302.482497
-50.0,1,303.560441
-44.0,2,303.5605
-50.0,1,304.703362
-50.0,1,304.703419
-32.0,1,308.187209
-50.0,2,309.341446
-50.0,1,309.341505
-50.0,1,311.813202
-47.0,2,313.602224
-38.0,2,316.152399
-50.0,1,317.361074
-47.0,2,317.361133
-50.0,2,323.361112
-50.0,2,323.36117
-50.0,1,325.813371
-47.0,2,327.795439
-32.0,1,327.795499
-50.0,1,330.646293
-47.0,2,333.79445
-38.0,1,336.263081
-50.0,2,336.263138
-50.0,1,338.117901
-32.0,1,338.117961
-50.0,1,340.222233
-44.0,2,342.311313
-44.0,2,344.743567
-47.0,2,347.045391
-50.0,1,348.265162
-44.0,2,348.265217
-50.0,1,351.437784
-29.0,1,351.437896
-50.0,1,353.771196
-50.0,1,353.771326
-50.0,1,356.020855
-50.0,1,356.020976
-29.0,1,359.320817
-32.0,1,359.320927
-50.0,1,361.313241
-50.0,1,361.313348
-41.0,2,364.997471
-38.0,2,364.997528
-50.0,1,367.536279
-47.0,2,370.836409
-50.0,2,372.210176
-50.0,1,372.21024
-41.0,2,377.035644
-47.0,2,377.035714
-44.0,2,381.489849
-47.0,2,381.489927
-41.0,2,385.729697
-47.0,2,385.729755
-32.0,1,388.411197
-50.0,1,389.489124
-41.0,2,389.489188
-32.0,1,392.562732
-50.0,1,393.71583
-47.0,2,393.715882
-38.0,1,395.797029
-50.0,1,395.797081
-50.0,1,398.877198
-50.0,1,400.066755
-50.0,2,400.066818
-29.0,1,401.830307
-50.0,1,401.830362
-50.0,1,403.695301
-38.0,2,406.301207
-47.0,2,408.484581
-38.0,1,408.484639
-50.0,1,409.682458
-50.0,1,409.682517
-32.0,1,412.231368
-38.0,2,413.363339
-50.0,1,413.363404
-29.0,1,416.150857
-44.0,2,417.185298
-50.0,1,417.185356
-50.0,2,422.106231
-35.0,2,422.106289
-50.0,1,423.31857
-50.0,1,423.31863
-50.0,1,425.181994
-38.0,2,427.158453
-50.0,1,428.703813
-41.0,2,428.703896
-32.0,1,432.259795
-47.0,2,433.459674
-50.0,1,433.459763
-50.0,1,440.292651
-47.0,2,444.8074
-35.0,1,444.807515
-47.0,2,457.135519
-44.0,2,457.135625
-50.0,1,462.762901
-44.0,2,469.104147
-47.0,2,475.116358
-50.0,1,477.891641
-44.0,2,477.891736
-50.0,1,483.808413
-47.0,2,488.409274
-50.0,1,491.476189
-44.0,2,491.476274
-32.0,1,498.497632
-44.0,2,504.467807
-50.0,1,507.168459
-44.0,2,507.168528
-50.0,1,510.028631
-50.0,1,510.028725
4.0,1,516.436579
-50.0,1,516.436724
-50.0,1,520.567952
-29.0,1,520.568178
-32.0,1,525.886899
-50.0,1,525.887009
-44.0,2,537.895597
-44.0,2,537.89568
-50.0,1,543.208389
-50.0,1,546.484967
-41.0,2,546.485111
-50.0,1,551.514868
-41.0,2,556.965249
-44.0,2,560.315816
-50.0,1,560.315879
-50.0,1,567.764694
-47.0,2,575.365522
-38.0,1,581.787292
-47.0,2,581.78738
-32.0,1,588.829735
-35.0,1,593.328475
-47.0,2,593.328624
-35.0,1,602.112174
-50.0,2,606.306336
-32.0,1,606.306401
-47.0,2,619.125616
-44.0,2,619.125704
-47.0,2,631.841379
-47.0,2,631.841436
-32.0,1,639.333845
-50.0,1,642.241569
-47.0,2,642.241695
-47.0,2,654.361143
-47.0,2,654.361249
-32.0,1,659.766686
-29.0,1,659.766786
-50.0,1,665.846773
-44.0,2,668.856374
-29.0,1,668.856479
-50.0,1,675.153694
-47.0,2,677.89168
-50.0,1,677.891737
-47.0,2,691.904403
-47.0,2,691.90451
-35.0,1,701.033675
-32.0,1,705.278372
-47.0,2,705.278481
-32.0,1,710.694622
-44.0,2,713.300993
-50.0,1,713.301075
-41.0,2,723.539621
-44.0,2,723.539707
-47.0,2,736.3492
-44.0,2,736.349326
-50.0,1,743.330346
-44.0,2,749.144769
-44.0,2,752.3273
-50.0,1,752.327432
-41.0,2,763.815827
-44.0,2,763.816103
-47.0,2,777.73842
-44.0,2,777.738511
-47.0,2,789.203189
-41.0,2,789.203291
-47.0,2,804.013235
-47.0,2,804.013503
-50.0,1,810.881204
-47.0,2,813.876601
-50.0,1,813.876693
-50.0,1,816.287645
-50.0,1,816.287741
-50.0,2,828.144305
-44.0,2,828.14438
-50.0,1,833.716062
-35.0,1,839.365911
-44.0,2,839.366013
-32.0,1,844.501229
-32.0,1,844.501327
-50.0,1,850.901077
-47.0,2,857.360631
-50.0,1,860.294047
-47.0,2,860.294109
-38.0,1,867.035385
-32.0,1,867.035532
-50.0,1,872.704987
-47.0,2,876.209396
-29.0,1,876.209462
-50.0,1,879.18502
-50.0,1,879.185187
-50.0,1,885.718198
-47.0,2,890.524631
-44.0,2,896.033444
-35.0,1,900.663512
-47.0,2,900.663613
-47.0,2,913.610043
-47.0,2,913.610139
-47.0,2,925.998081
-47.0,2,925.998245
-29.0,1,933.093853
-50.0,1,936.256557
-47.0,2,936.256757
-32.0,1,944.106361
-50.0,1,946.676014
-47.0,2,946.676085
-47.0,2,958.675095
-47.0,2,958.67518
-35.0,1,968.210816
-47.0,2,975.340364
-47.0,2,977.888599
-50.0,1,977.888666
-50.0,1,981.830896
-29.0,1,981.831035
-50.0,1,988.310632
-44.0,2,991.936563
-26.0,1,991.936664
-50.0,1,998.200251
-47.0,2,1001.835016
-32.0,1,1001.835246
-50.0,1,1010.931604
-47.0,2,1019.739287
-47.0,2,1026.254088
-47.0,2,1029.439183
-29.0,1,1029.439255
-35.0,1,1034.472697
-50.0,1,1034.472792
-5.0,1,1043.980337
-38.0,1,1043.980398
-50.0,1,1049.842297
-50.0,1,1053.32108
-47.0,2,1053.321211
-32.0,1,1060.486737
-47.0,2,1063.337886
-50.0,1,1063.337958
-32.0,1,1069.243742
-50.0,1,1071.745959
-44.0,2,1071.746022
-5.0,1,1078.582071
-50.0,1,1078.582175
-50.0,1,1084.500472
-47.0,2,1090.079397
-44.0,2,1093.267029
-50.0,1,1093.267157
-47.0,2,1105.630058
-47.0,2,1105.630192
-35.0,1,1111.781837
-50.0,1,1111.781926
-32.0,1,1119.017321
-44.0,2,1125.351305
-47.0,2,1129.893543
-32.0,1,1129.8936
-47.0,2,1141.525819
-44.0,2,1141.525884
-27.0,1,1148.343709
-50.0,1,1151.494758
-44.0,2,1151.494817
-44.0,2,1163.105299
-47.0,2,1163.105376
-44.0,2,1174.618554
-47.0,2,1174.618638
-50.0,1,1177.428747
-50.0,1,1177.428876
-44.0,2,1189.620343
-47.0,2,1189.620515
-44.0,2,1200.744297
-47.0,2,1200.744411
-50.0,1,1205.554376
-44.0,2,1212.989117
-47.0,2,1219.877583
-47.0,2,1223.714642
-26.0,1,1223.714723
-50.0,1,1226.787355
-50.0,1,1226.787417
-47.0,2,1239.37525
-44.0,2,1239.375333
-50.0,1,1245.595878
-47.0,2,1252.498698
-50.0,1,1255.753148
-47.0,2,1255.753443
-26.0,1,1259.238915
-50.0,1,1259.238975
-50.0,1,1263.271748
-29.0,1,1263.271858
-50.0,1,1267.008447
-44.0,2,1272.541974
-44.0,2,1276.263278
-44.0,2,1279.790771
-29.0,1,1282.720488
-44.0,2,1282.720576
-50.0,1,1285.315807
-50.0,1,1285.315879
-50.0,1,1287.731473
-50.0,1,1287.73162
-50.0,1,1290.185415
-50.0,1,1290.185487
-50.0,1,1294.846542
-50.0,1,1297.928158
-44.0,2,1297.92849
-32.0,1,1304.773487
-41.0,1,1304.773569
-50.0,1,1307.483959
-50.0,1,1307.484082
-2.0,1,1312.891588
-50.0,1,1312.891778
-50.0,1,1316.387657
-50.0,1,1316.387718
-50.0,1,1318.633993
-50.0,1,1318.634171
-47.0,2,1324.52041
-41.0,2,1324.520472
-50.0,1,1327.721614
-50.0,1,1329.115458
-47.0,2,1329.115521
-2.0,1,1335.294102
-41.0,2,1338.526178
-50.0,1,1338.526253
-50.0,1,1340.752612
-50.0,1,1340.752667
-50.0,1,1343.935948
-44.0,2,1346.664798
-44.0,2,1350.279919
-50.0,1,1352.087476
-47.0,2,1352.087541
-47.0,2,1359.85167
-47.0,2,1359.851737
-50.0,2,1366.877321
-47.0,2,1366.877388
-50.0,1,1369.651919
-47.0,2,1372.663103
-47.0,2,1375.187888
-38.0,1,1375.187948
-50.0,1,1377.58701
-41.0,2,1380.08533
-50.0,1,1381.464388
-44.0,2,1381.464451
-41.0,2,1385.841361
-44.0,2,1385.841437
-32.0,1,1389.226914
-50.0,1,1390.587478
-50.0,2,1390.587536
-50.0,1,1393.356006
-41.0,2,1396.950901
-47.0,2,1399.793684
-50.0,1,1401.29776
-41.0,2,1401.297817
-32.0,1,1403.773001
-32.0,1,1403.773064
-50.0,1,1404.952986
-50.0,1,1404.953045
-50.0,1,1407.869922
-50.0,1,1409.194626
-50.0,2,1409.194684
-50.0,1,1411.939139
-47.0,2,1414.340833
-44.0,2,1416.659441
-32.0,1,1418.543261
-41.0,2,1418.543323
-44.0,2,1422.9258
-14.0,2,1422.925859
-50.0,2,1428.416975
-9.0,2,1428.417037
-30.0,1,1431.43842
-47.0,2,1432.604556
-50.0,1,1432.604614
-50.0,1,1433.755812
-50.0,1,1433.755869
-32.0,1,1435.692671
-50.0,1,1435.692739
-50.0,1,1438.853528
-50.0,2,1441.277506
-44.0,2,1443.517422
-41.0,2,1445.930329
-47.0,2,1447.099215
-50.0,1,1447.099276
-50.0,1,1448.790514
-35.0,2,1451.061374
-44.0,2,1454.790756
-50.0,1,1456.334629
-47.0,2,1456.334689
-50.0,2,1462.711593
-35.0,2,1462.711649
-50.0,1,1464.372183
-32.0,1,1464.372244
-50.0,1,1467.2077
-44.0,2,1469.080837
-50.0,1,1470.212811
-41.0,2,1470.212879
-41.0,2,1474.37374
-44.0,2,1474.373797
-32.0,1,1477.007196
-44.0,2,1478.086629
-50.0,1,1478.086686
-32.0,1,1480.690516
-44.0,2,1481.85437
-50.0,1,1481.854429
-32.0,1,1485.597064
-50.0,2,1486.72912
-50.0,1,1486.729178
-41.0,2,1491.404797
-47.0,2,1491.404856
-38.0,1,1495.65938
-50.0,1,1496.848471
-50.0,2,1496.848529
-50.0,1,1498.001431
-50.0,1,1498.001484
-50.0,1,1501.042286
-50.0,2,1504.194172
-50.0,2,1507.195451
-50.0,2,1510.197612
-50.0,2,1513.350451
-50.0,2,1514.586929
-50.0,1,1514.586992
-50.0,1,1517.091697
-50.0,1,1518.216449
-47.0,2,1518.216508
-32.0,1,1521.353338
-50.0,1,1522.648081
-47.0,2,1522.648139
-35.0,2,1527.050256
-47.0,2,1527.050321
-50.0,1,1528.837156
-32.0,1,1528.837212
-32.0,1,1531.481637
-50.0,1,1531.481707
-50.0,1,1533.842194
-35.0,1,1533.842255
-50.0,1,1536.630591
-50.0,2,1539.941134
-38.0,1,1539.941246
-50.0,2,1545.123579
-44.0,2,1545.123632
-44.0,2,1549.128465
-44.0,2,1549.128522
-50.0,2,1554.47542
-47.0,2,1554.475485
-50.0,1,1557.56869
-32.0,1,1559.258448
-50.0,2,1559.258562
-50.0,1,1561.767823
-47.0,2,1564.8845
-50.0,2,1569.924483
-47.0,2,1575.540019
-47.0,2,1580.100232
-50.0,1,1582.08549
-47.0,2,1582.085552
-50.0,1,1583.863517
-38.0,2,1584.962034
-50.0,1,1584.962154
-50.0,2,1591.006781
-47.0,2,1591.00685
-44.0,2,1594.931705
-41.0,2,1594.931764
-38.0,2,1599.116121
-47.0,2,1599.116189
-50.0,1,1602.124953
-50.0,2,1604.142251
-44.0,2,1606.124743
-44.0,2,1608.078959
-44.0,2,1610.83182
-50.0,2,1613.258086
-47.0,2,1615.309777
-50.0,1,1616.557537
-44.0,2,1616.557596
-50.0,1,1619.30902
-47.0,2,1620.559987
-50.0,1,1620.56004
-50.0,2,1625.942259
-44.0,2,1625.942316
-50.0,1,1628.654718
-47.0,2,1630.583869
-38.0,2,1633.280666
-47.0,2,1635.176647
-38.0,2,1637.796363
-47.0,2,1639.660578
-32.0,1,1639.660635
-50.0,1,1642.516197
-50.0,2,1645.016321
-50.0,1,1646.315926
-47.0,2,1646.315987
-50.0,1,1647.684424
-50.0,1,1647.684481
-50.0,2,1653.888975
-44.0,2,1653.889039
-50.0,1,1656.336581
-44.0,2,1659.527419
-50.0,2,1661.253186
-5.0,2,1664.286904
-47.0,2,1666.530546
-50.0,1,1667.744381
-41.0,2,1667.744438
-44.0,2,1672.278516
-47.0,2,1672.278573
-50.0,1,1675.325413
-50.0,2,1677.345211
-35.0,2,1680.487692
-50.0,2,1682.409758
-32.0,1,1682.409823
-32.0,1,1684.169771
-50.0,1,1684.169835
-50.0,1,1685.975554
-50.0,1,1687.081128
-38.0,2,1687.081187
-47.0,2,1691.768549
-44.0,2,1691.76861
-50.0,1,1692.896564
-50.0,1,1692.896628
-50.0,1,1694.642868
-32.0,1,1696.509712
-38.0,2,1696.509777
-50.0,1,1698.959418
-50.0,1,1700.08922
-47.0,2,1700.089282
-50.0,1,1703.1909
-38.0,1,1706.483683
-50.0,2,1706.483746
-50.0,1,1709.531754
-50.0,2,1712.067783
-47.0,2,1715.317452
-50.0,2,1718.483818
-50.0,2,1721.900109
-50.0,2,1724.636014
-35.0,2,1726.513211
-50.0,1,1726.513268
-32.0,1,1731.647231
-5.0,1,1731.647301
-50.0,1,1732.867146
-50.0,1,1732.867206
-50.0,1,1734.804178
-44.0,2,1735.858677
-50.0,1,1735.858734
-50.0,1,1737.607698
-38.0,2,1739.708478
-44.0,2,1741.942363
-35.0,2,1745.736615
-50.0,2,1747.976978
-44.0,2,1750.318214
-47.0,2,1753.056534
-50.0,1,1754.944567
-44.0,2,1754.944672
-50.0,1,1757.221203
-44.0,2,1759.787855
-32.0,1,1761.525814
-47.0,2,1761.52587
-50.0,1,1763.886655
-47.0,2,1766.346352
-47.0,2,1768.749685
-50.0,1,1769.956606
-47.0,2,1769.956668
-32.0,1,1772.529639
-50.0,1,1773.581998
-44.0,2,1773.58206
-38.0,2,1777.568359
-44.0,2,1777.568429
-32.0,1,1780.098583
-32.0,1,1780.098643
-50.0,1,1781.225009
-50.0,1,1781.225075
-44.0,2,1785.206121
-38.0,2,1785.206191
-50.0,1,1787.021949
-38.0,2,1789.854961
-47.0,2,1795.003758
-47.0,2,1798.123562
-35.0,1,1798.123639
-35.0,1,1801.222584
-50.0,1,1801.222643
-32.0,1,1803.882519
-50.0,1,1804.924053
-41.0,2,1804.924111
-50.0,1,1807.246936
-32.0,1,1807.247048
-50.0,1,1809.59554
-44.0,2,1811.523694
-32.0,1,1813.220945
-44.0,2,1813.221003
-50.0,1,1815.083873
-50.0,1,1816.704534
-38.0,2,1816.704591
-50.0,1,1820.259487
-50.0,2,1823.410004
-50.0,2,1826.012915
-32.0,1,1827.783378
-47.0,2,1827.783436
-50.0,1,1828.904629
-50.0,1,1828.904687
-50.0,1,1831.745354
-50.0,1,1832.853524
-50.0,2,1832.85358
-32.0,1,1835.626801
-44.0,2,1836.756359
-50.0,1,1836.756419
-50.0,1,1837.920394
-50.0,1,1837.920452
-50.0,1,1840.290496
-32.0,1,1842.235708
-44.0,2,1842.235765
-50.0,1,1843.447214
-50.0,1,1843.447274
-50.0,1,1845.520096
-35.0,1,1845.520157
-50.0,1,1848.350381
-50.0,2,1850.515556
-44.0,2,1853.012869
-47.0,2,1854.17089
-50.0,1,1854.170951
-50.0,1,1856.066312
-35.0,1,1858.193954
-38.0,2,1858.194011
-50.0,1,1860.348867
-44.0,2,1862.85931
-47.0,2,1864.158754
-50.0,1,1864.158811
-32.0,1,1865.965508
-50.0,1,1865.965575
-50.0,1,1868.399931
-47.0,2,1871.48593
-50.0,2,1873.115662
-32.0,1,1873.115721
-50.0,1,1876.867817
-41.0,2,1880.092381
-29.0,1,1882.053654
-44.0,2,1882.053713
-50.0,1,1884.247515
-44.0,2,1886.338122
-44.0,2,1887.599792
-50.0,1,1887.599862
-50.0,1,1888.918756
-50.0,1,1888.918822
-32.0,1,1892.002924
-50.0,1,1893.201499
-47.0,2,1893.201561
-32.0,1,1895.54209
-35.0,2,1896.661983
-50.0,1,1896.662038
-50.0,1,1899.104741
-47.0,2,1901.538244
-47.0,2,1903.328544
-32.0,1,1903.328602
-50.0,1,1904.428117
-50.0,1,1904.428175
-32.0,1,1907.162398
-41.0,2,1908.246006
-50.0,1,1908.246062
-32.0,1,1910.882991
-50.0,1,1912.052798
-44.0,2,1912.052858
-50.0,1,1914.282558
-44.0,2,1915.401136
-50.0,1,1915.4012
-32.0,1,1918.073428
-50.0,1,1919.236658
-44.0,2,1919.236737
-32.0,1,1922.496672
-50.0,1,1923.745632
-47.0,2,1923.745688
-50.0,1,1926.574471
-50.0,2,1928.669614
-44.0,2,1931.691534
-50.0,2,1933.818476
-50.0,1,1934.827008
-44.0,2,1934.827064
-50.0,1,1936.785676
-44.0,2,1939.182735
-50.0,1,1940.313071
-47.0,2,1940.313133
-32.0,1,1942.004366
-50.0,1,1942.004429
-50.0,1,1944.476313
-32.0,1,1946.236464
-47.0,2,1946.236523
-50.0,1,1949.248126
-32.0,1,1950.921769
-50.0,2,1950.92183
-50.0,1,1952.326063
-50.0,1,1952.326115
-47.0,2,1956.863435
-35.0,2,1956.863493
-50.0,1,1959.817585
-50.0,2,1962.011746
-44.0,2,1964.390349
-50.0,1,1965.541012
-47.0,2,1965.541069
-32.0,1,1967.3477
-50.0,1,1967.347761
-50.0,1,1969.083417
-32.0,1,1969.083477
-32.0,1,1970.777623
-50.0,1,1970.777682
-50.0,1,1972.456845
-32.0,1,1972.456903
-50.0,1,1974.719935
-41.0,2,1975.76838
-50.0,1,1975.768442
-32.0,1,1978.055751
-41.0,2,1979.167322
-50.0,1,1979.167387
-50.0,1,1980.300287
-50.0,1,1980.300345
-50.0,1,1982.568145
-50.0,1,1983.706553
-44.0,2,1983.706612
-50.0,1,1985.432158
-35.0,2,1988.38457
-44.0,2,1991.064567
-44.0,2,1992.204442
-50.0,1,1992.204496
-50.0,1,1993.341451
-50.0,1,1993.34151
-50.0,1,1995.308412
-44.0,2,1997.269544
-50.0,1,1998.404079
-44.0,2,1998.404147
-29.0,1,2001.03589
-44.0,2,2002.340835
-50.0,1,2002.3409
-50.0,1,2004.933929
-47.0,2,2006.648605
-32.0,1,2006.648661
-50.0,1,2007.806361
-50.0,1,2007.806419
-32.0,1,2009.723517
-50.0,1,2009.723574
-50.0,1,2012.269322
-47.0,2,2014.086641
-38.0,2,2015.968758
-32.0,1,2015.968817
-50.0,1,2018.013573
-44.0,2,2020.316648
-44.0,2,2025.051086
-47.0,2,2030.950191
-38.0,1,2034.361028
-47.0,2,2034.361162
-44.0,2,2042.093413
-47.0,2,2042.093468
-35.0,1,2045.212561
-41.0,2,2046.286556
-50.0,1,2046.286614
-50.0,1,2048.042432
-38.0,2,2050.050727
-44.0,2,2052.9954
-50.0,1,2054.062436
-50.0,2,2054.062491
-50.0,1,2055.758754
-35.0,2,2056.784288
-50.0,1,2056.784347
-50.0,1,2057.924583
-50.0,1,2057.924645
-50.0,1,2060.377406
-50.0,1,2061.509801
-47.0,2,2061.50986
-47.0,2,2067.129963
-47.0,2,2067.130024
-35.0,2,2070.983347
-41.0,2,2070.983405
-50.0,1,2074.07489
-50.0,2,2076.33142
-44.0,2,2079.345771
-50.0,2,2080.496059
-50.0,1,2080.496129
-50.0,1,2082.920201
-47.0,2,2085.011176
-50.0,1,2086.04121
-44.0,2,2086.041266
-50.0,1,2087.156568
-50.0,1,2087.156627
-35.0,1,2090.911817
-50.0,2,2091.99173
-50.0,1,2091.991787
-32.0,1,2094.915291
-47.0,2,2096.050604
-50.0,1,2096.050663
-47.0,2,2100.625028
-44.0,2,2100.625088
-50.0,1,2102.523839
-32.0,1,2102.523896
-50.0,1,2103.673369
-50.0,1,2103.673428
-50.0,1,2104.815408
-50.0,1,2104.815469
-50.0,1,2105.972915
-50.0,1,2105.972972
-50.0,1,2108.439084
-47.0,2,2111.460715
-50.0,2,2113.610114
-41.0,2,2115.189667
-50.0,1,2115.189777
-50.0,2,2121.986819
-44.0,2,2121.986924
-50.0,1,2123.940485
-38.0,2,2126.172003
-2.0,2,2128.695761
-50.0,1,2129.794061
-44.0,2,2129.794118
-47.0,2,2134.479386
15.0,3,2137.330847
-41.0,2,2138.482437
-50.0,1,2138.482511
-32.0,1,2141.022472
-41.0,2,2142.127272
-50.0,1,2142.127331
-50.0,1,2143.310308
-50.0,1,2143.310368
-32.0,1,2145.631429
-50.0,1,2146.779832
-38.0,2,2146.779891
-50.0,1,2149.251452
-47.0,2,2151.620114
-44.0,2,2153.760065
-50.0,1,2154.914255
-41.0,2,2154.914361
-50.0,1,2157.386976
-47.0,2,2159.221716
-2.0,2,2162.20098
-47.0,2,2164.334748
-50.0,1,2165.507079
-44.0,2,2165.507138
-32.0,1,2168.69999
-50.0,1,2170.052086
-47.0,2,2170.052164
-32.0,1,2172.828706
-44.0,2,2173.924523
-50.0,1,2173.924581
-32.0,1,2176.521965
-50.0,1,2177.672845
-44.0,2,2177.672902
-2.0,2,2182.137275
-8.0,2,2182.137337
-32.0,1,2183.939604
-50.0,1,2183.939662
-50.0,1,2185.080931
-50.0,1,2185.080996
-50.0,1,2186.86367
-32.0,1,2186.863735
-50.0,1,2189.278458
-44.0,2,2191.787283
-32.0,1,2193.450828
-47.0,2,2193.450886
-50.0,1,2196.581493
-50.0,2,2199.768054
-50.0,2,2202.183061
-47.0,2,2204.598922
-47.0,2,2206.664066
-35.0,1,2206.664124
-50.0,1,2208.787611
-41.0,2,2210.887059
-50.0,1,2211.994004
-44.0,2,2211.994062
-29.0,1,2214.62316
-47.0,2,2215.743541
-50.0,1,2215.743598
-47.0,2,2220.736364
-47.0,2,2220.736419
-50.0,1,2223.952303
-50.0,2,2225.099297
-50.0,1,2225.099355
-50.0,1,2226.290859
-50.0,1,2226.290916
-32.0,1,2229.073591
-44.0,2,2230.204411
-50.0,1,2230.204468
-5.0,2,2235.155161
-47.0,2,2235.155232
-38.0,2,2239.207275
-41.0,2,2239.207333
-32.0,1,2242.633636
-50.0,1,2243.865178
-50.0,2,2243.865243
-47.0,2,2248.950073
-47.0,2,2248.950132
-32.0,1,2252.032648
-50.0,1,2253.261933
-47.0,2,2253.26199
-32.0,1,2255.798798
-32.0,1,2255.798857
-50.0,1,2257.383523
-50.0,1,2257.383593
-50.0,1,2259.797879
-50.0,1,2259.79803
-50.0,1,2262.902482
-47.0,2,2264.74579
-35.0,2,2267.974893
-47.0,2,2270.611853
-47.0,2,2273.019804
-50.0,1,2274.228143
-47.0,2,2274.228204
-47.0,2,2279.826578
-50.0,2,2279.826634
-50.0,1,2282.930886
-50.0,1,2284.243043
-50.0,2,2284.243104
-50.0,1,2286.522716
-44.0,2,2287.547446
-50.0,1,2287.547507
-50.0,1,2288.692227
-50.0,1,2288.692285
-50.0,2,2294.364153
-47.0,2,2294.364214
-41.0,2,2299.542135
-50.0,2,2299.542196
-50.0,1,2301.275191
-32.0,1,2301.275254
-50.0,1,2303.336538
-44.0,2,2305.029376
-32.0,1,2305.029429
-50.0,1,2307.282374
-44.0,2,2308.999569
-32.0,1,2308.99963
-50.0,1,2311.224352
-41.0,2,2313.203962
-50.0,1,2314.268906
-44.0,2,2314.268966
-50.0,1,2315.398867
-50.0,1,2315.398924
-32.0,1,2317.785748
-32.0,1,2317.78581
-50.0,1,2319.02415
-50.0,1,2319.024262
-32.0,1,2322.817619
-50.0,2,2324.001475
-50.0,1,2324.001532
-35.0,1,2326.173697
-50.0,1,2326.173786
-50.0,1,2328.195606
-29.0,1,2331.062346
-44.0,2,2331.062454
-50.0,1,2332.965197
-50.0,1,2332.965273
-32.0,1,2335.993365
-50.0,1,2335.993479
-50.0,1,2338.632538
-35.0,1,2338.632653
-50.0,1,2340.47109
-50.0,1,2340.471148
-35.0,1,2343.577934
-44.0,2,2345.779624
-50.0,1,2345.779677
-50.0,2,2351.578005
-50.0,2,2351.578073
-50.0,1,2354.187483
-47.0,2,2356.354995
-35.0,1,2358.898509
-41.0,2,2358.898617
-50.0,1,2362.376346
-35.0,1,2364.551722
-50.0,2,2364.551781
-50.0,1,2365.656175
-50.0,1,2365.656232
-44.0,2,2369.847039
-41.0,2,2369.8471
-50.0,1,2371.818795
-35.0,2,2373.926397
-50.0,1,2374.9874
-44.0,2,2374.987468
-32.0,1,2377.283628
-38.0,2,2379.334018
-50.0,1,2380.454286
-44.0,2,2380.454349
-38.0,2,2384.699964
-47.0,2,2384.700023
-38.0,1,2386.882602
-50.0,1,2386.88266
-50.0,1,2388.608891
-35.0,2,2390.819131
-41.0,2,2392.986609
-50.0,1,2392.98672
-32.0,1,2396.467767
-35.0,1,2396.467887
-50.0,1,2398.833362
-50.0,1,2398.833424
-50.0,1,2402.656603
-44.0,2,2404.646555
-50.0,1,2404.646611
-50.0,1,2407.001392
-32.0,1,2407.001449
-32.0,1,2408.957487
-50.0,1,2408.957542
-50.0,1,2410.144539
-50.0,1,2410.144593
-50.0,1,2411.335563
-50.0,1,2411.335622
-50.0,2,2416.916171
-41.0,2,2416.916231
-50.0,1,2418.356358
-50.0,1,2418.356436
-35.0,1,2420.483279
-50.0,1,2420.483339
-50.0,1,2422.509374
-44.0,2,2424.519875
-44.0,2,2425.681352
-50.0,1,2425.681409
-50.0,1,2428.084956
-47.0,2,2429.888514
-38.0,2,2432.317688
-47.0,2,2435.382748
-50.0,2,2438.355067
-50.0,2,2441.37703
-35.0,1,2443.380277
-50.0,2,2443.380338
-50.0,1,2445.778997
-50.0,1,2446.958589
-47.0,2,2446.958652
-44.0,2,2452.016707
-50.0,2,2452.016767
-32.0,1,2455.338922
-47.0,2,2456.53114
-50.0,1,2456.531202
-50.0,1,2458.172578
-32.0,1,2458.172641
-32.0,1,2459.938669
-50.0,1,2459.938726
-50.0,1,2461.148405
-50.0,1,2461.148465
-44.0,2,2465.896988
-47.0,2,2465.897048
-47.0,2,2471.287228
-50.0,2,2471.287286
-50.0,2,2476.866223
-47.0,2,2476.86628
-50.0,1,2480.385451
-44.0,2,2482.17073
-50.0,1,2482.170899
-29.0,1,2484.995092
-50.0,1,2484.99524
-50.0,1,2488.672753
-50.0,1,2489.8147
-44.0,2,2489.814758
-32.0,1,2493.49636
-50.0,2,2495.316931
-50.0,1,2496.572239
-35.0,2,2496.572295
-50.0,1,2498.257676
-35.0,2,2499.331578
-50.0,1,2499.331628
1.0,1,2502.09444
-35.0,1,2504.126519
-44.0,2,2504.126582
-50.0,1,2505.880554
-32.0,1,2505.880612
-50.0,2,2511.318412
-50.0,2,2511.318471
-50.0,2,2516.283308
-32.0,2,2516.283372
-2.0,2,2520.882751
-44.0,2,2520.882802
-47.0,2,2526.69133
-50.0,2,2526.691388
-32.0,1,2530.59637
-50.0,1,2531.754296
-50.0,2,2531.754353
-50.0,1,2532.959813
-50.0,1,2532.959872
-50.0,1,2534.821727
-38.0,2,2538.03424
-50.0,2,2540.307068
-50.0,1,2541.416814
-41.0,2,2541.416879
-50.0,1,2543.158853
-38.0,2,2545.071806
-38.0,2,2547.552823
-50.0,1,2548.655431
-47.0,2,2548.655493
-32.0,1,2551.148836
-38.0,2,2552.264171
-50.0,1,2552.264235
-32.0,1,2556.152191
-44.0,2,2558.408978
-50.0,1,2558.409104
-29.0,1,2562.692247
-35.0,1,2562.692335
-50.0,1,2566.798803
-50.0,2,2568.502016
-35.0,2,2569.583421
-50.0,1,2569.583479
-38.0,2,2573.357108
-41.0,2,2573.357164
-50.0,1,2575.611353
-47.0,2,2577.958997
-47.0,2,2579.065125
-50.0,1,2579.065198
-47.0,2,2583.833143
-41.0,2,2583.833206
-50.0,1,2585.928273
-44.0,2,2588.449958
-47.0,2,2590.657411
-50.0,1,2591.72467
-41.0,2,2591.724775
-32.0,1,2594.56347
-47.0,2,2595.672722
-50.0,1,2595.672784
-47.0,2,2600.782983
-50.0,2,2600.78304
-50.0,2,2605.641893
-35.0,2,2605.641953
-50.0,1,2606.757358
-50.0,1,2606.757423
-32.0,1,2609.085248
-50.0,1,2610.210345
-38.0,2,2610.210404
-50.0,1,2611.958297
-32.0,1,2611.958354
-50.0,1,2613.780798
-38.0,2,2615.402558
-32.0,1,2615.402625
-50.0,1,2616.522402
-50.0,1,2616.52246
-44.0,2,2621.278292
-50.0,2,2621.278345
-50.0,1,2623.740877
-47.0,2,2625.828816
-44.0,2,2627.996949
-32.0,1,2629.608643
-41.0,2,2629.608701
-50.0,1,2632.025386
-47.0,2,2634.304383
-41.0,2,2635.450537
-50.0,1,2635.45059
-50.0,1,2636.730079
-50.0,1,2636.730135
-50.0,1,2640.094306
-47.0,2,2641.839958
-50.0,1,2641.840019
-50.0,1,2642.950537
-50.0,1,2642.950599
-50.0,1,2645.420436
-47.0,2,2648.232605
-50.0,2,2650.783336
-47.0,2,2652.711502
-50.0,1,2653.84936
-38.0,2,2653.849416
-32.0,1,2656.407225
-38.0,2,2657.66984
-50.0,1,2657.669899
-50.0,1,2659.915105
-41.0,2,2661.024527
-50.0,1,2661.024584
-50.0,1,2662.88344
-38.0,2,2664.902117
-44.0,2,2666.851782
-50.0,1,2667.967891
-44.0,2,2667.967951
-44.0,2,2672.588459
-47.0,2,2672.588519
-29.0,1,2675.89737
-47.0,2,2677.138087
-50.0,1,2677.138155
-50.0,1,2680.179098
-50.0,2,2681.907197
-35.0,2,2684.323354
-47.0,2,2687.482778
-35.0,1,2689.71085
-50.0,2,2689.710909
-50.0,1,2691.979792
-41.0,2,2693.797698
-38.0,2,2694.982216
-50.0,1,2694.982274
-50.0,1,2698.10163
-50.0,2,2699.988131
-50.0,1,2701.693739
-2.0,2,2701.6938
-44.0,2,2706.172418
-47.0,2,2706.172475
-50.0,1,2708.563792
-47.0,2,2709.644781
-50.0,1,2709.64484
-50.0,2,2714.507932
-44.0,2,2714.50799
-35.0,1,2716.588567
-50.0,1,2716.588653
-50.0,1,2717.776158
-50.0,1,2717.776218
-50.0,1,2720.171597
-50.0,1,2721.33333
-44.0,2,2721.333388
-32.0,1,2723.761733
-50.0,1,2724.828721
-38.0,2,2724.828784
-29.0,1,2728.08571
-50.0,1,2729.120026
-50.0,2,2729.120083
-50.0,1,2731.506865
-47.0,2,2734.301115
-50.0,1,2735.468576
-50.0,2,2735.468647
-44.0,2,2739.259975
-44.0,2,2739.260045
-50.0,1,2741.621896
-50.0,1,2742.835808
-47.0,2,2742.835865
-50.0,1,2746.096163
-50.0,2,2748.264133
-38.0,1,2748.264188
-50.0,1,2749.471063
-50.0,1,2749.471119
-44.0,2,2753.986189
-44.0,2,2753.986249
-50.0,2,2759.469256
-2.0,2,2759.469315
-50.0,1,2760.677171
-50.0,1,2760.677228
-32.0,1,2763.565378
-50.0,1,2764.695046
-44.0,2,2764.695102
-50.0,1,2767.361653
-32.0,1,2769.083666
-50.0,2,2769.083724
-50.0,1,2772.112729
-32.0,1,2774.000356
-50.0,2,2774.000412
-50.0,1,2775.1411
-50.0,1,2775.14117
-50.0,1,2778.202306
-50.0,1,2779.584113
-50.0,2,2779.584191
-50.0,1,2782.628236
-50.0,2,2784.448188
-38.0,2,2787.5142
-50.0,2,2790.440387
-50.0,2,2793.034546
-47.0,2,2796.629795
-50.0,2,2799.475942
-50.0,1,2800.621651
-44.0,2,2800.621715
-50.0,1,2802.39993
-32.0,1,2802.399989
-50.0,1,2803.564728
-50.0,1,2803.564787
-50.0,1,2805.332659
-32.0,1,2805.332718
-50.0,1,2808.738854
-44.0,2,2809.842776
-50.0,1,2809.842843
-50.0,1,2812.130371
-44.0,2,2813.969121
-38.0,2,2815.777674
-32.0,1,2815.777731
-50.0,1,2817.601454
-38.0,2,2819.347505
-32.0,1,2819.347572
-50.0,1,2821.691722
-47.0,2,2823.551545
-50.0,1,2824.672836
-35.0,2,2824.672895
-32.0,1,2827.115991
-35.0,2,2828.294195
-50.0,1,2828.294275
-50.0,1,2830.026051
-50.0,1,2831.114556
-38.0,2,2831.11461
-50.0,1,2833.902507
-50.0,2,2835.931614
-50.0,1,2837.016707
-44.0,2,2837.016764
-50.0,1,2838.893996
-2.0,2,2840.564933
-50.0,1,2840.564993
-50.0,1,2841.734291
-50.0,1,2841.73436
-50.0,2,2847.15981
-44.0,2,2847.159868
-32.0,1,2849.342963
-32.0,1,2849.343026
-50.0,1,2850.450946
-50.0,1,2850.451007
-44.0,2,2854.054206
-38.0,2,2854.054281
-50.0,1,2855.851631
-38.0,2,2858.636307
-50.0,2,2859.827408
-50.0,1,2859.827465
-50.0,1,2862.076442
-41.0,2,2863.779185
-32.0,1,2863.779241
-35.0,1,2865.879817
-50.0,1,2865.879875
-50.0,1,2868.035102
-50.0,1,2869.062415
-41.0,2,2869.062477
-50.0,1,2871.317338
-44.0,2,2872.467734
-50.0,1,2872.467804
-32.0,1,2875.135885
-50.0,1,2876.135779
-35.0,2,2876.135849
-32.0,1,2877.979127
-50.0,1,2877.979184
-50.0,1,2879.196619
-50.0,1,2879.196676
-50.0,1,2881.648129
-44.0,2,2882.813103
-50.0,1,2882.813161
-50.0,1,2884.032874
-50.0,1,2884.032931
-35.0,1,2887.284346
-50.0,1,2889.004842
-2.0,2,2889.004897
-50.0,1,2891.04274
-35.0,2,2894.029344
-50.0,2,2895.276978
-50.0,1,2895.277035
-50.0,1,2897.032014
-32.0,1,2897.032073
-50.0,1,2898.202639
-50.0,1,2898.202696
-38.0,2,2902.394711
-47.0,2,2902.394769
-44.0,2,2906.910208
-47.0,2,2906.91031
-50.0,1,2909.34141
-47.0,2,2911.63571
-44.0,2,2912.779527
-50.0,1,2912.779589
-50.0,1,2913.922446
-50.0,1,2913.922504
-35.0,1,2916.951794
-50.0,1,2918.107585
-44.0,2,2918.107641
-47.0,2,2922.534248
-41.0,2,2922.5343
-32.0,1,2925.822664
-47.0,2,2926.955115
-50.0,1,2926.955174
-50.0,1,2928.865985
-50.0,1,2930.574631
-2.0,2,2930.574688
-38.0,2,2935.55607
-50.0,2,2935.556124
-32.0,1,2937.974294
-38.0,2,2939.080988
-50.0,1,2939.081053
-50.0,1,2940.222666
-50.0,1,2940.222726
-50.0,1,2941.994614
-38.0,2,2943.194354
-50.0,1,2943.194411
-50.0,1,2946.537189
-50.0,2,2947.84646
-50.0,1,2947.846518
-50.0,1,2950.759922
-50.0,1,2951.90191
-50.0,2,2951.901962
-50.0,1,2954.249667
-44.0,2,2955.319613
-50.0,1,2955.319676
-50.0,1,2957.764014
-47.0,2,2960.185511
-47.0,2,2963.251346
-50.0,2,2965.005883
-32.0,1,2965.005947
-35.0,1,2966.99849
-50.0,1,2966.99855
-50.0,1,2969.711957
-50.0,1,2970.882947
-50.0,2,2970.883005
-50.0,1,2972.641136
-32.0,1,2972.641195
-32.0,1,2974.452973
-50.0,1,2974.453034
-50.0,1,2976.575018
-44.0,2,2979.754206
-50.0,2,2982.267402
-38.0,1,2982.267457
-50.0,1,2983.450542
-50.0,1,2983.450595
-32.0,1,2986.163031
-44.0,2,2987.318613
-50.0,1,2987.318674
-50.0,1,2989.154797
-32.0,1,2989.154853
-50.0,1,2991.645866
-47.0,2,2993.594319
-50.0,1,2994.657574
-44.0,2,2994.657633
-47.0,2,2998.944584
-38.0,2,2998.944643
-32.0,1,3002.605599
-50.0,1,3003.972392
-50.0,2,3003.972451
-47.0,2,3008.919423
-44.0,2,3008.919485
-50.0,2,3014.016936
-38.0,2,3014.016998
-32.0,1,3017.64115
-50.0,2,3019.447239
-50.0,1,3019.4473
-50.0,1,3024.854006
-47.0,2,3027.506118
-2.0,2,3030.926105
-50.0,2,3032.972032
-32.0,1,3034.72649
-44.0,2,3034.72655
-50.0,1,3036.875963
-50.0,1,3037.980108
-44.0,2,3037.980167
-50.0,1,3039.751707
-50.0,1,3040.837571
-38.0,2,3040.837632
-50.0,2,3046.903641
-50.0,2,3046.903702
-38.0,1,3050.041337
-50.0,1,3051.167329
-44.0,2,3051.167389
-50.0,1,3053.187629
-50.0,1,3054.387826
-41.0,2,3054.387883
-44.0,2,3059.509648
-50.0,2,3059.509709
-32.0,1,3063.16581
-50.0,1,3064.302157
-50.0,2,3064.302216
-50.0,1,3065.423989
-50.0,1,3065.424046
-50.0,2,3070.521421
-44.0,2,3070.521481
-47.0,2,3074.888398
-41.0,2,3074.888455
-50.0,2,3080.303297
-41.0,2,3080.303363
-50.0,1,3082.370651
-35.0,1,3082.370709
-50.0,1,3084.849096
-47.0,2,3087.334552
-47.0,2,3089.098684
-35.0,2,3091.141792
-35.0,1,3091.141851
-50.0,1,3094.20259
-50.0,2,3097.193735
-50.0,1,3098.342488
-50.0,2,3098.342545
-50.0,1,3099.454798
-50.0,1,3099.454863
-38.0,2,3104.386733
-50.0,2,3104.386795
-50.0,1,3106.290435
-32.0,1,3106.290496
-50.0,1,3108.301402
-41.0,2,3110.256505
-32.0,1,3110.256564
-50.0,1,3111.533484
-50.0,1,3111.533546
-50.0,1,3113.321244
-32.0,1,3113.321301
-32.0,1,3114.997155
-50.0,1,3114.997215
-50.0,1,3117.250107
-50.0,1,3118.290233
-44.0,2,3118.29029
-50.0,1,3119.37397
-50.0,1,3119.374028
-44.0,2,3124.181208
-50.0,2,3124.181265
-50.0,1,3125.302553
-50.0,1,3125.302619
-50.0,2,3130.377095
-41.0,2,3130.377152
-50.0,1,3132.781859
-47.0,2,3134.687367
-50.0,1,3137.111778
-11.0,2,3137.111838
-35.0,1,3139.718979
-38.0,2,3140.805829
-50.0,1,3140.805939
-32.0,1,3142.636419
-50.0,1,3142.636475
-50.0,1,3143.744406
-50.0,1,3143.744464
-29.0,1,3145.426593
-50.0,1,3145.426651
-50.0,1,3146.508923
-50.0,1,3146.50898
-32.0,1,3148.195046
-50.0,1,3148.19511
-50.0,1,3149.296906
-50.0,1,3149.296957
-50.0,1,3151.696763
-47.0,2,3154.185173
-47.0,2,3156.652445
-35.0,1,3158.512086
-47.0,2,3158.51215
-50.0,1,3161.114116
-32.0,1,3161.114188
-35.0,1,3164.779624
-50.0,1,3164.779732
-32.0,1,3169.562327
-44.0,2,3171.509485
-44.0,2,3172.626646
-50.0,1,3172.626703
-8.0,2,3176.552661
-38.0,2,3176.552717
-50.0,1,3178.534826
-44.0,2,3181.276541
-47.0,2,3182.951657
-32.0,1,3182.951723
-50.0,1,3185.347965
-47.0,2,3188.106587
-50.0,1,3189.543497
-50.0,2,3189.543555
-50.0,1,3192.647054
-50.0,1,3194.013861
-50.0,2,3194.01392
-44.0,2,3197.801027
-38.0,2,3197.801085
-50.0,1,3199.003354
-50.0,1,3199.003409
-50.0,1,3201.985363
-50.0,2,3204.467091
-44.0,2,3206.75999
-41.0,2,3208.471401
-32.0,1,3208.47146
-50.0,1,3209.693823
-50.0,1,3209.693882
-32.0,1,3212.505916
-44.0,2,3213.664732
-50.0,1,3213.664799
-47.0,2,3217.988769
-38.0,2,3217.98883
-50.0,1,3220.153533
-50.0,1,3221.237651
-41.0,2,3221.237721
-50.0,1,3223.267391
-35.0,2,3224.376601
-50.0,1,3224.376657
-32.0,1,3227.257432
-47.0,2,3228.352627
-50.0,1,3228.352687
-50.0,1,3230.489144
-41.0,2,3232.576568
-44.0,2,3234.173184
-41.0,2,3235.224157
-50.0,1,3235.224216
-35.0,1,3237.782575
-32.0,1,3237.782728
-35.0,1,3240.203806
-50.0,1,3240.203864
-50.0,1,3242.439411
-44.0,2,3245.086001
-47.0,2,3246.184526
-50.0,1,3246.184584
-32.0,1,3249.22257
-50.0,1,3250.311661
-47.0,2,3250.311717
-32.0,1,3253.226198
-50.0,1,3254.644148
-47.0,2,3254.644204
-38.0,2,3258.425424
-35.0,2,3258.425495
-50.0,1,3260.174226
-50.0,1,3261.273783
-38.0,2,3261.273844
-50.0,2,3266.969467
-50.0,2,3266.969526
-35.0,1,3269.076904
-50.0,1,3269.076962
-50.0,1,3270.204529
-50.0,1,3270.204587
-44.0,2,3275.185825
-50.0,2,3275.185962
-32.0,1,3279.028609
-50.0,2,3280.189759
-50.0,1,3280.189817
-50.0,1,3282.686776
-47.0,2,3283.924984
-50.0,1,3283.925048
-35.0,1,3285.94033
-50.0,1,3285.940403
-50.0,1,3287.706103
-32.0,1,3287.706169
-50.0,1,3288.82217
-50.0,1,3288.822228
-32.0,1,3291.359411
-44.0,2,3292.41706
-50.0,1,3292.417122
-50.0,1,3294.717803
-44.0,2,3296.453844
-32.0,2,3298.189928
-38.0,2,3299.997773
-7.0,2,3303.121628
-50.0,2,3305.212253
-44.0,2,3306.295091
-50.0,1,3306.29515
-50.0,1,3307.963535
-9.0,2,3310.935187
-44.0,2,3313.281474
-47.0,2,3314.966271
-41.0,2,3316.851162
-35.0,2,3319.895832
-50.0,2,3322.312331
-47.0,2,3324.156901
-32.0,1,3324.156961
-50.0,1,3325.220551
-50.0,1,3325.220608
-50.0,1,3327.835791
-50.0,2,3328.934359
-50.0,1,3328.934419
-35.0,1,3330.832064
-50.0,1,3330.832124
-50.0,1,3332.912242
-41.0,2,3334.922453
-44.0,2,3335.989747
-50.0,1,3335.989807
-38.0,2,3339.404859
-38.0,2,3339.40492
-50.0,1,3341.359661
-44.0,2,3342.977438
-32.0,1,3342.977496
-50.0,1,3344.902628
-44.0,2,3346.003779
-50.0,1,3346.003838
-29.0,1,3348.15044
-50.0,1,3349.945635
-2.0,2,3349.945687
-50.0,1,3352.259569
-44.0,2,3353.427589
-50.0,1,3353.427652
-44.0,2,3360.180771
-50.0,2,3360.180897
-35.0,1,3363.58566
-50.0,1,3363.585737
-44.0,2,3368.498957
-38.0,2,3368.499015
-50.0,1,3370.527941
-32.0,1,3372.246788
-44.0,2,3372.246848
-50.0,1,3374.24997
-44.0,2,3375.991777
-38.0,2,3377.74693
-35.0,2,3379.773282
-44.0,2,3380.907646
-50.0,1,3380.907704
-50.0,1,3382.033678
-50.0,1,3382.033736
-32.0,1,3384.460675
-50.0,1,3385.453024
-38.0,2,3385.453081
-32.0,1,3387.226815
-50.0,1,3387.226875
-50.0,1,3388.342978
-50.0,1,3388.343038
-32.0,1,3390.630212
-50.0,1,3391.728739
-38.0,2,3391.728795
-50.0,1,3393.436783
-32.0,1,3393.436841
-50.0,1,3395.595243
-44.0,2,3397.309969
-50.0,1,3398.414073
-38.0,2,3398.41414
-50.0,1,3401.222581
-50.0,2,3403.077054
-38.0,2,3405.25626
-41.0,2,3406.844421
-32.0,1,3406.844477
-50.0,1,3409.799146
-50.0,2,3412.559134
-50.0,2,3414.435625
-35.0,2,3416.83323
-29.0,1,3418.497627
-47.0,2,3418.49769
-50.0,1,3419.609237
-50.0,1,3419.609295
-50.0,1,3421.419009
-2.0,2,3424.149566
-44.0,2,3426.227569
-44.0,2,3428.612594
-47.0,2,3431.166285
-47.0,2,3432.309414
-50.0,1,3432.309472
-50.0,1,3434.184796
-29.0,1,3434.184854
-50.0,1,3437.347285
-50.0,2,3439.202783
-50.0,1,3440.876066
-2.0,2,3440.876123
-32.0,1,3444.488771
-50.0,1,3446.220046
-47.0,2,3446.220105
-41.0,2,3451.441039
-50.0,2,3451.441104
-50.0,1,3452.583038
-50.0,1,3452.583096
-32.0,1,3454.862064
-32.0,1,3454.86212
-50.0,1,3456.015574
-50.0,1,3456.01563
-32.0,1,3458.308937
-32.0,1,3458.308994
-50.0,1,3459.450484
-50.0,1,3459.450539
-35.0,1,3461.601817
-50.0,1,3461.601894
-50.0,1,3462.837622
-50.0,1,3462.837677
-38.0,1,3466.429883
-47.0,2,3468.548212
-35.0,1,3468.548311
-50.0,1,3470.709912
-50.0,1,3470.710011
-35.0,1,3474.271423
-32.0,1,3474.271547
-50.0,1,3475.675715
-50.0,1,3475.675773
-50.0,1,3478.189601
-47.0,2,3480.006583
-32.0,1,3480.006644
-50.0,1,3482.194987
-41.0,2,3483.904108
-32.0,1,3483.904168
-50.0,1,3485.052258
-50.0,1,3485.052319
-50.0,1,3487.41985
-44.0,2,3489.998917
-47.0,2,3492.623487
-41.0,2,3494.388213
-50.0,1,3494.388283
-50.0,2,3499.199281
-35.0,2,3499.199337
-32.0,1,3501.630764
-35.0,2,3502.775139
-50.0,1,3502.775196
-50.0,2,3507.524538
-44.0,2,3507.524596
-41.0,2,3512.49631
-50.0,2,3512.496372
-47.0,2,3517.518827
-47.0,2,3517.518888
-32.0,1,3521.062124
-32.0,1,3521.062241
-50.0,1,3522.95379
-50.0,1,3522.95385
-47.0,2,3528.086307
-47.0,2,3528.086364
-50.0,1,3530.068791
-44.0,2,3531.93767
-44.0,2,3533.949809
-44.0,2,3535.68519
-32.0,1,3535.685253
-35.0,1,3538.201621
-50.0,1,3538.201679
-50.0,1,3539.585519
-50.0,1,3539.585625
-50.0,1,3540.939511
-50.0,1,3540.939579
-32.0,1,3543.948172
-32.0,1,3543.948254
-50.0,1,3545.101718
-50.0,1,3545.101775
-44.0,2,3549.076327
-41.0,2,3549.076391
-50.0,1,3550.179026
-50.0,1,3550.179089
-50.0,1,3551.29317
-50.0,1,3551.293244
-32.0,1,3554.7903
-50.0,1,3556.265145
-50.0,2,3556.265203
-44.0,2,3560.150097
-35.0,2,3560.150155
-50.0,1,3562.248892
-41.0,2,3563.948068
-38.0,2,3565.369853
-29.0,1,3565.36991
-50.0,1,3567.941433
-47.0,2,3570.474028
-41.0,2,3572.776156
-44.0,2,3573.958175
-50.0,1,3573.958242
-32.0,1,3575.807275
-50.0,1,3575.807333
-50.0,1,3577.603781
-38.0,2,3579.703958
-44.0,2,3581.597065
-32.0,1,3581.597122
-50.0,1,3582.830656
-50.0,1,3582.830715
-50.0,1,3584.875889
-32.0,1,3586.653397
-44.0,2,3586.653455
-50.0,1,3588.880512
-41.0,2,3590.804911
-2.0,2,3593.51301
-44.0,2,3596.433912
-47.0,2,3597.969373
-50.0,1,3597.96943
-50.0,1,3599.154011
-50.0,1,3599.154068
-50.0,1,3601.259122
-44.0,2,3603.063485
-32.0,1,3604.887897
-38.0,2,3604.887955
-50.0,1,3606.070573
-50.0,1,3606.070629
-50.0,1,3607.250144
-50.0,1,3607.250201
-38.0,1,3611.072633
-50.0,1,3612.203699
-47.0,2,3612.203756
-50.0,1,3614.685071
-47.0,2,3615.877225
-50.0,1,3615.877291
-44.0,2,3620.999066
-50.0,2,3620.999123
-50.0,1,3622.195577
-50.0,1,3622.195637
-50.0,1,3623.374362
-50.0,1,3623.374429
-50.0,1,3625.246755
-50.0,1,3626.473245
-38.0,2,3626.473368
-32.0,1,3629.366325
-44.0,2,3630.499003
-50.0,1,3630.499068
-50.0,1,3632.362396
-32.0,1,3634.602436
-2.0,2,3634.602506
-50.0,1,3636.641873
-44.0,2,3638.581247
-44.0,2,3640.309223
-32.0,1,3640.309285
-50.0,1,3641.379252
-50.0,1,3641.379309
-29.0,1,3643.025431
-50.0,1,3643.025489
-50.0,1,3644.652069
-32.0,1,3644.652129
-50.0,1,3645.805638
-50.0,1,3645.805694
-32.0,1,3647.590867
-50.0,1,3647.590929
-50.0,1,3648.755418
-50.0,1,3648.755477
-50.0,1,3649.914314
-50.0,1,3649.914372
-50.0,1,3651.080036
-50.0,1,3651.080097
-50.0,1,3652.919393
-38.0,2,3654.072011
-50.0,1,3654.07207
-32.0,1,3655.81049
-50.0,1,3655.810549
-50.0,1,3658.289561
-35.0,1,3658.28962
-50.0,1,3660.253307
-41.0,2,3663.439388
-50.0,2,3665.630338
-44.0,2,3667.904791
-32.0,1,3669.628437
-41.0,2,3669.628497
-50.0,1,3670.864132
-50.0,1,3670.864188
-44.0,2,3676.235938
-50.0,2,3676.235998
-50.0,1,3677.438371
-50.0,1,3677.438469
-50.0,1,3678.547056
-50.0,1,3678.547114
-32.0,1,3680.838019
-50.0,1,3681.937727
-38.0,2,3681.937787
-50.0,1,3683.032901
-50.0,1,3683.032964
-50.0,1,3685.236483
-44.0,2,3687.624321
-32.0,1,3689.362289
-47.0,2,3689.362345
-50.0,1,3691.736609
-50.0,1,3692.917704
-47.0,2,3692.917761
-29.0,1,3696.105865
-44.0,2,3697.219546
-50.0,1,3697.219603
-50.0,1,3698.298863
-50.0,1,3698.29892
-50.0,1,3701.515354
-50.0,2,3704.406169
-50.0,1,3706.685414
-8.0,2,3706.685487
-50.0,1,3709.177805
-47.0,2,3711.109374
-38.0,2,3713.342571
-50.0,1,3714.362555
-44.0,2,3714.362613
-50.0,1,3716.385791
-44.0,2,3718.412394
-44.0,2,3720.258398
-41.0,2,3722.321421
-35.0,1,3722.321532
-50.0,1,3724.553276
-38.0,2,3726.254789
-35.0,2,3728.152679
-50.0,1,3729.268285
-44.0,2,3729.268344
-50.0,1,3732.027343
-50.0,2,3733.220469
-50.0,1,3733.220528
-50.0,1,3735.587091
-47.0,2,3736.712209
-50.0,1,3736.712267
-32.0,1,3739.655514
-50.0,1,3740.688907
-44.0,2,3740.688966
-50.0,1,3741.804872
-50.0,1,3741.804986
-50.0,1,3742.913488
-50.0,1,3742.913546
-50.0,1,3744.638267
-32.0,1,3744.638324
-50.0,1,3746.601461
-44.0,2,3747.657286
-50.0,1,3747.657339
-32.0,1,3749.287929
-50.0,1,3749.287986
-44.0,2,3753.614173
-47.0,2,3753.614239
-50.0,1,3755.706015
-44.0,2,3756.836086
-50.0,1,3756.83615
-35.0,1,3759.495595
-50.0,1,3760.638508
-38.0,2,3760.638566
-50.0,1,3762.388134
-32.0,1,3764.499199
-38.0,2,3764.499264
-50.0,1,3766.454179
-32.0,1,3768.297935
-44.0,2,3768.297996
-50.0,1,3769.615433
-50.0,1,3769.61549
-50.0,1,3771.32694
-50.0,1,3771.326998
-50.0,2,3780.104682
-47.0,2,3780.10474
-38.0,1,3783.591681
-35.0,1,3783.591778
-50.0,1,3785.366107
-50.0,1,3785.366222
-29.0,1,3789.160402
-50.0,1,3790.282453
-47.0,2,3790.282513
-38.0,2,3794.541219
-47.0,2,3794.541275
-50.0,1,3797.641927
-50.0,2,3798.945103
-50.0,1,3798.945163
-32.0,1,3802.120805
-47.0,2,3803.256958
-50.0,1,3803.257014
-50.0,1,3804.371744
-50.0,1,3804.371805
-50.0,1,3807.101525
-50.0,2,3809.594293
-47.0,2,3811.415492
-32.0,1,3811.415553
-50.0,1,3813.844387
-47.0,2,3815.080001
-50.0,1,3815.08006
-38.0,1,3817.215466
-50.0,1,3817.215526
-50.0,1,3818.344975
-50.0,1,3818.345037
-50.0,1,3819.475372
-50.0,1,3819.475429
-50.0,1,3821.179036
-50.0,1,3821.179103
-35.0,1,3826.957536
-50.0,2,3828.870045
-44.0,2,3829.976246
-50.0,1,3829.976299
-50.0,1,3832.748836
-50.0,1,3833.955295
-50.0,2,3833.955352
-35.0,1,3836.249221
-50.0,1,3836.24928
-50.0,1,3839.654273
-47.0,2,3842.525416
-50.0,2,3843.643254
-50.0,1,3843.643308
-50.0,1,3844.772985
-50.0,1,3844.773046
-50.0,1,3846.470276
-32.0,1,3846.470336
-50.0,1,3847.646948
-50.0,1,3847.647005
-50.0,1,3849.492141
-50.0,1,3850.64095
-38.0,2,3850.641039
-32.0,1,3853.047214
-50.0,1,3854.229044
-38.0,2,3854.229101
-44.0,2,3859.614297
-50.0,2,3859.614356
-50.0,1,3862.801706
-50.0,1,3863.98374
-50.0,2,3863.983799
-50.0,1,3867.05296
-50.0,1,3868.295959
-50.0,2,3868.296017
-50.0,1,3870.826236
-32.0,1,3872.752953
-47.0,2,3872.753012
-50.0,1,3873.903473
-50.0,1,3873.903531
-50.0,1,3875.89361
-44.0,2,3877.716655
-38.0,2,3879.426499
-32.0,1,3881.315799
-35.0,2,3881.315938
-50.0,1,3883.929196
-32.0,1,3885.804973
-47.0,2,3885.805035
-50.0,1,3887.005108
-50.0,1,3887.005163
-32.0,1,3889.58766
-50.0,1,3890.802877
-41.0,2,3890.802932
-50.0,1,3892.016637
-50.0,1,3892.016697
-50.0,1,3893.11915
-50.0,1,3893.119206
-35.0,2,3896.712888
-44.0,2,3896.712949
-44.0,2,3900.425297
-35.0,2,3900.425368
-50.0,1,3902.385486
-44.0,2,3905.288677
-50.0,2,3907.540231
-44.0,2,3910.511858
-29.0,1,3912.187365
-50.0,2,3912.187425
-50.0,1,3913.283727
-50.0,1,3913.283785
-50.0,1,3915.226177
-50.0,1,3916.270932
-44.0,2,3916.27099
-50.0,1,3917.871032
-32.0,1,3917.871086
-50.0,1,3920.036416
-44.0,2,3921.077579
-50.0,1,3921.077639
-32.0,1,3923.787203
-50.0,1,3924.828399
-41.0,2,3924.828457
-32.0,1,3927.49338
-44.0,2,3928.521032
-50.0,1,3928.521094
-32.0,1,3930.771846
-50.0,1,3931.871445
-38.0,2,3931.871502
-50.0,1,3933.577691
-50.0,1,3934.658536
-38.0,2,3934.658587
-29.0,1,3936.896685
-29.0,1,3936.896744
-50.0,1,3937.97012
-50.0,1,3937.970177
-35.0,1,3940.768485
-50.0,1,3941.807196
-44.0,2,3941.807253
-35.0,2,3945.290832
-38.0,2,3945.290895
-32.0,1,3946.976825
-50.0,1,3946.976939
-50.0,1,3948.702142
-50.0,1,3949.89703
-35.0,2,3949.897087
-44.0,2,3953.932659
-44.0,2,3953.932717
-29.0,1,3957.186038
-50.0,2,3958.377412
-50.0,1,3958.377471
-50.0,1,3960.091755
-35.0,2,3962.763872
-50.0,1,3963.811344
-50.0,2,3963.811402
-50.0,1,3966.03827
-44.0,2,3967.688653
-50.0,1,3968.701394
-35.0,2,3968.701452
-32.0,1,3970.585516
-50.0,1,3970.585575
-50.0,1,3971.759178
-50.0,1,3971.759235
-50.0,1,3973.385459
-32.0,1,3973.385514
-50.0,1,3974.465255
-50.0,1,3974.465312
-50.0,1,3976.336247
-35.0,2,3978.372522
-44.0,2,3981.453304
-50.0,2,3983.359392
-2.0,2,3986.398017
-47.0,2,3988.500138
-44.0,2,3990.626196
-38.0,1,3990.626256
-50.0,1,3991.90125
-50.0,1,3991.901309
-32.0,1,3995.516983
-50.0,2,3996.622505
-50.0,1,3996.622562
-50.0,1,3997.785233
-50.0,1,3997.78529
-50.0,1,4000.92371
-50.0,2,4002.978363
-44.0,2,4005.500446
-47.0,2,4007.818462
-41.0,2,4009.679433
-50.0,1,4010.850605
-38.0,2,4010.850663
-50.0,1,4012.691979
-38.0,2,4014.553641
-50.0,1,4015.702859
-38.0,2,4015.702918
-50.0,1,4017.567137
-2.0,2,4020.163938
-50.0,1,4021.262803
-44.0,2,4021.262863
-50.0,1,4022.455554
-50.0,1,4022.455654
-50.0,1,4023.636967
-50.0,1,4023.637024
-50.0,1,4026.868763
-50.0,1,4028.042341
-50.0,2,4028.042403
-44.0,2,4033.119651
-50.0,2,4033.11971
-50.0,1,4034.858326
-5.0,2,4036.493817
-50.0,1,4036.493886
-50.0,1,4037.619012
-50.0,1,4037.619069
-32.0,1,4039.335386
-50.0,1,4039.335451
-50.0,1,4041.075526
-32.0,1,4041.075582
-50.0,1,4043.116698
-44.0,2,4045.769177
-50.0,1,4046.909314
-50.0,2,4046.909373
-50.0,1,4048.700599
-38.0,2,4049.852603
-50.0,1,4049.852665
-32.0,1,4053.551006
-50.0,2,4054.691042
-50.0,1,4054.691096
-32.0,1,4058.181198
-41.0,2,4059.886241
-50.0,1,4059.886312
28.0,2,4064.744417
-44.0,2,4064.744475
-50.0,1,4066.39647
-32.0,1,4066.396526
-50.0,1,4068.431631
-44.0,2,4069.621691
-50.0,1,4069.62176
-32.0,1,4071.4105
-50.0,1,4071.410558
-2.0,2,4076.379445
-47.0,2,4076.379504
-32.0,1,4078.128052
-50.0,1,4078.128112
-50.0,1,4080.154069
-50.0,1,4081.295937
-44.0,2,4081.295998
-32.0,1,4083.06408
-50.0,1,4083.064149
-50.0,1,4084.809928
-32.0,1,4084.809996
-50.0,1,4085.951072
-50.0,1,4085.951129
-50.0,1,4088.394308
-47.0,2,4090.123284
-35.0,2,4091.333803
-50.0,1,4091.333858
-50.0,1,4093.099512
-38.0,2,4094.952717
-38.0,2,4096.939837
-50.0,1,4098.036094
-44.0,2,4098.036154
-32.0,1,4100.81052
-44.0,2,4101.841391
-50.0,1,4101.841449
-50.0,1,4103.003818
-50.0,1,4103.003887
-47.0,2,4107.361487
-44.0,2,4107.36155
-50.0,1,4110.040295
-41.0,2,4112.26209
-44.0,2,4114.697383
-47.0,2,4117.960811
-50.0,2,4120.322525
-47.0,2,4122.371498
-50.0,1,4123.348019
-41.0,2,4123.348075
-50.0,1,4125.296278
-44.0,2,4126.89096
-32.0,1,4126.891017
-50.0,1,4127.971629
-50.0,1,4127.971688
-47.0,2,4132.250944
-38.0,2,4132.251003
-50.0,1,4134.194924
-35.0,1,4136.036269
-44.0,2,4136.036329
-50.0,1,4138.98288
-50.0,1,4140.180027
-50.0,2,4140.180085
-35.0,1,4143.148886
-44.0,2,4144.334345
-50.0,1,4144.334403
-50.0,1,4145.639515
-50.0,1,4145.639575
-32.0,1,4148.960492
-50.0,1,4150.333051
-47.0,2,4151.301909
-50.0,1,4153.782944
-50.0,1,4154.894736
-44.0,2,4154.894791
-50.0,1,4156.659387
-38.0,2,4157.779281
-50.0,1,4157.779334
-44.0,2,4162.227859
-47.0,2,4162.227921
-50.0,1,4164.646256
-47.0,2,4167.688745
-50.0,2,4170.17991
-50.0,1,4171.338627
-47.0,2,4171.338685
-50.0,1,4172.510363
-50.0,1,4172.51042
-50.0,1,4174.230228
-32.0,1,4174.230286
-50.0,1,4176.290054
-44.0,2,4177.393264
-50.0,1,4177.393321
-32.0,1,4180.316525
-44.0,2,4181.476279
-50.0,1,4181.476337
-32.0,1,4184.332342
-44.0,2,4185.434682
-50.0,1,4185.434742
-50.0,1,4187.978663
-47.0,2,4191.192645
-50.0,2,4193.500378
-50.0,1,4194.624116
-41.0,2,4194.624172
-47.0,2,4198.858915
-41.0,2,4198.858974
-50.0,1,4201.129753
-41.0,2,4202.891493
-32.0,1,4202.89155
-50.0,1,4204.628146
-50.0,1,4204.628199
-50.0,1,4205.825914
-50.0,1,4205.825972
-50.0,1,4208.950267
-50.0,2,4210.126057
-50.0,1,4210.126117
-50.0,1,4211.860834
-32.0,1,4211.860893
-32.0,1,4213.608386
-50.0,1,4213.608449
-50.0,1,4214.785269
-50.0,1,4214.785324
-38.0,1,4217.686004
-32.0,1,4217.686067
-50.0,1,4218.811309
-50.0,1,4218.811369
-50.0,1,4221.567088
-50.0,1,4222.738878
-50.0,2,4222.738937
-50.0,1,4224.750856
-32.0,1,4226.601357
-44.0,2,4226.601459
-50.0,1,4227.905624
-50.0,1,4227.905678
-50.0,2,4232.74028
-38.0,2,4232.740341
-50.0,2,4237.909891
-44.0,2,4237.90996
-50.0,1,4240.74763
-32.0,1,4242.494882
-50.0,2,4242.494944
-50.0,1,4243.671291
-50.0,1,4243.671352
-50.0,1,4246.201186
-47.0,2,4247.406272
-50.0,1,4247.406331
-50.0,1,4249.410686
-44.0,2,4250.985483
-32.0,1,4250.98554
-50.0,1,4252.110543
-50.0,1,4252.110606
-35.0,2,4256.014551
-44.0,2,4256.014608
-32.0,1,4258.259146
-35.0,2,4259.436173
-50.0,1,4259.436232
-35.0,1,4262.685544
-47.0,2,4263.875707
-50.0,1,4263.875766
-47.0,2,4268.983283
-50.0,2,4268.983375
-50.0,1,4270.813583
-32.0,1,4270.813639
-32.0,1,4272.578581
-50.0,1,4272.578639
-50.0,1,4273.719686
-50.0,1,4273.719747
-50.0,1,4274.863038
-50.0,1,4274.863094
-50.0,1,4275.995474
-50.0,1,4275.995534
-50.0,1,4277.961036
-14.0,2,4280.60322
-50.0,1,4280.603279
-47.0,2,4285.170624
-44.0,2,4285.170684
-47.0,2,4290.036879
-41.0,2,4290.036937
-38.0,1,4292.493517
-29.0,1,4292.493576
-50.0,1,4293.689202
-50.0,1,4293.689255
-50.0,1,4296.269468
-50.0,1,4297.36614
-47.0,2,4297.366197
-50.0,1,4299.362761
-44.0,2,4301.211682
-32.0,1,4301.211735
-50.0,1,4303.749242
-47.0,2,4304.998352
-50.0,1,4304.998414
-50.0,1,4306.936441
-32.0,1,4306.936501
-50.0,1,4308.153597
-50.0,1,4308.153653
-38.0,2,4312.275568
-44.0,2,4312.275625
-32.0,1,4314.716195
-32.0,1,4314.716265
-50.0,1,4315.946857
-50.0,1,4315.946921
-50.0,1,4317.236351
-50.0,1,4317.236407
-50.0,1,4318.434786
-50.0,1,4318.434843
-50.0,1,4321.71989
-50.0,2,4323.537409
-38.0,2,4325.454634
-32.0,1,4325.454693
-50.0,1,4327.33079
-2.0,2,4329.564272
-35.0,2,4332.057354
-47.0,2,4333.881937
-38.0,2,4336.968388
-50.0,2,4338.848869
-32.0,1,4338.848931
-50.0,1,4339.975567
-50.0,1,4339.975627
-32.0,1,4341.680295
-50.0,1,4341.680357
-50.0,1,4343.999248
-50.0,1,4345.109516
-41.0,2,4345.109572
-50.0,1,4346.312317
-50.0,1,4346.312445
-50.0,1,4347.499155
-50.0,1,4347.499213
-44.0,2,4352.02479
-44.0,2,4352.024904
-29.0,1,4354.508361
-32.0,1,4354.508418
-50.0,1,4355.714931
-50.0,1,4355.71499
-50.0,1,4357.634928
-2.0,2,4359.3465
-50.0,1,4359.346558
-50.0,1,4362.232788
-47.0,2,4364.763673
-50.0,1,4364.763763
-29.0,1,4367.980006
-47.0,2,4370.257808
-50.0,1,4370.257899
-50.0,1,4373.908576
-32.0,1,4376.217467
-47.0,2,4376.217539
-50.0,1,4377.985219
-50.0,1,4377.985322
-50.0,1,4382.209992
-44.0,2,4386.848148
-47.0,2,4389.180753
-50.0,1,4389.180892
-50.0,1,4393.540402
-47.0,2,4397.753502
-50.0,2,4400.177059
-47.0,2,4401.252475
-50.0,1,4401.252533
-50.0,1,4403.016032
-38.0,2,4404.821558
-38.0,2,4405.967843
-50.0,1,4405.9679
-35.0,1,4408.458649
-32.0,1,4408.458707
-50.0,1,4409.672731
-50.0,1,4409.672791
-50.0,1,4412.243348
-47.0,2,4414.009782
-32.0,1,4414.009891
-50.0,1,4415.179791
-50.0,1,4415.179857
-50.0,1,4417.493463
-44.0,2,4420.574348
-50.0,2,4422.665407
-44.0,2,4425.122963
-47.0,2,4426.920537
-32.0,1,4426.92061
-50.0,1,4428.060745
-50.0,1,4428.060812
-44.0,2,4431.961072
-38.0,2,4431.96113
-44.0,2,4435.765034
-38.0,2,4435.765102
-32.0,1,4438.15213
-38.0,2,4439.262506
-50.0,1,4439.262567
-50.0,1,4441.995527
-50.0,2,4444.660926
-50.0,2,4447.221909
-47.0,2,4449.243367
-35.0,1,4451.298352
-44.0,2,4451.298405
-50.0,1,4453.106533
-32.0,1,4453.106594
-50.0,1,4455.143477
-44.0,2,4456.937142
-50.0,1,4458.124533
-38.0,2,4458.124588
-50.0,1,4460.025293
-32.0,1,4460.02535
-50.0,1,4462.384167
-44.0,2,4463.578573
-50.0,1,4463.578629
-32.0,1,4466.853222
-47.0,2,4468.110077
-50.0,1,4468.110136
-32.0,1,4471.945023
-50.0,1,4473.026015
-50.0,2,4473.02607
-50.0,1,4474.247493
-50.0,1,4474.247572
-32.0,1,4477.300363
-44.0,2,4478.67231
-50.0,1,4478.672369
-50.0,1,4481.003369
-44.0,2,4483.288264
-35.0,1,4485.551199
-44.0,2,4485.551261
-50.0,1,4486.700484
-50.0,1,4486.700548
-50.0,1,4487.826226
-50.0,1,4487.826284
-50.0,1,4488.948957
-50.0,1,4488.949022
-50.0,1,4490.609674
-32.0,1,4490.609735
-50.0,1,4492.438561
-38.0,2,4494.122885
-32.0,1,4494.122945
-50.0,1,4495.242927
-50.0,1,4495.243
-50.0,1,4496.365686
-50.0,1,4496.365748
-47.0,2,4501.019055
-41.0,2,4501.019116
-50.0,1,4502.188051
-50.0,1,4502.188116
-50.0,1,4504.644461
-47.0,2,4505.895928
-50.0,1,4505.895982
-32.0,1,4508.436467
-35.0,2,4509.579593
-50.0,1,4509.579651
-50.0,1,4512.630687
-50.0,2,4514.346794
-32.0,1,4514.346851
-50.0,1,4516.334652
-44.0,2,4518.164697
-50.0,1,4519.340293
-38.0,2,4519.340349
-50.0,1,4521.160719
-32.0,1,4521.160777
-32.0,1,4522.828423
-50.0,1,4522.828481
-50.0,1,4523.922928
-50.0,1,4523.922986
-47.0,2,4528.461568
-38.0,2,4528.461625
-50.0,1,4530.988402
-47.0,2,4532.149049
-50.0,1,4532.149112
-50.0,1,4534.120559
-35.0,2,4536.171479
-32.0,1,4537.81272
-44.0,2,4537.812778
-50.0,1,4539.914375
-44.0,2,4541.878637
-35.0,2,4542.915453
-50.0,1,4542.915515
-50.0,1,4544.951285
-44.0,2,4546.982409
-44.0,2,4548.047543
-50.0,1,4548.0476
-32.0,1,4550.766542
-44.0,2,4551.86926
-50.0,1,4551.869318
-50.0,1,4553.535142
-32.0,1,4553.535201
-50.0,1,4555.581565
-44.0,2,4558.610449
-50.0,1,4559.746685
-50.0,2,4559.746742
-50.0,1,4562.225923
-47.0,2,4563.929142
-32.0,1,4563.929247
-50.0,1,4565.079538
-50.0,1,4565.079593
-50.0,1,4567.263507
-50.0,1,4568.450742
-41.0,2,4568.450797
-50.0,1,4570.246385
-32.0,1,4570.246442
-32.0,1,4572.114088
-50.0,1,4572.114145
-50.0,1,4573.901442
-32.0,1,4573.901513
-50.0,1,4575.116715
-50.0,1,4575.116773
-29.0,1,4577.696877
-32.0,1,4577.696935
-50.0,1,4578.883078
-50.0,1,4578.883134
-32.0,1,4582.029454
-47.0,2,4583.301456
-50.0,1,4583.30152
-47.0,2,4588.708371
-47.0,2,4588.708441
-50.0,1,4591.708048
-50.0,2,4593.411448
-32.0,1,4593.411504
-50.0,1,4595.374493
-44.0,2,4597.314701
-44.0,2,4599.102636
-38.0,2,4600.188615
-50.0,1,4600.188676
-47.0,2,4605.042382
-44.0,2,4605.042441
-50.0,1,4607.433449
-47.0,2,4609.221633
-35.0,1,4611.258604
-38.0,2,4611.258661
-50.0,1,4613.268237
-44.0,2,4615.884592
-50.0,2,4617.683965
-35.0,2,4619.811212
-41.0,2,4620.848288
-50.0,1,4620.848346
-50.0,1,4622.476227
-32.0,1,4622.476285
-32.0,1,4624.178827
-50.0,1,4624.178887
-50.0,1,4626.455441
-44.0,2,4628.931345
-47.0,2,4630.734302
-32.0,1,4630.734361
-50.0,1,4632.699348
-41.0,2,4633.87241
-50.0,1,4633.872468
-32.0,1,4636.597281
-50.0,1,4637.660157
-35.0,2,4637.660214
-32.0,1,4639.405821
-50.0,1,4639.40588
-50.0,1,4641.495292
-32.0,1,4643.242593
-44.0,2,4643.242652
-50.0,1,4645.698161
-47.0,2,4647.937621
-44.0,2,4649.851739
-32.0,1,4651.643147
-35.0,2,4651.643204
-50.0,1,4652.709079
-50.0,1,4652.709139
-50.0,1,4654.653669
-44.0,2,4656.607751
-44.0,2,4658.089717
-32.0,1,4658.089775
-50.0,1,4659.175844
-50.0,1,4659.175905
-50.0,1,4661.560507
-47.0,2,4663.856448
-44.0,2,4665.83843
-35.0,2,4668.170135
-50.0,1,4669.330789
-44.0,2,4669.330844
-32.0,1,4672.054883
-50.0,1,4673.167634
-44.0,2,4673.167703
-32.0,1,4675.851422
-50.0,1,4676.83521
-41.0,2,4676.835268
-50.0,1,4678.516202
-35.0,2,4680.05629
-50.0,1,4680.056404
-50.0,1,4682.28257
-50.0,1,4684.084425
-2.0,2,4684.084489
-50.0,1,4686.990359
-50.0,2,4689.563954
-47.0,2,4690.736529
-50.0,1,4690.736591
-32.0,1,4693.53431
-41.0,2,4694.712607
-50.0,1,4694.712714
-2.0,2,4699.438219
-44.0,2,4699.438271
-2.0,2,4704.493268
-2.0,2,4704.493368
-50.0,1,4706.501035
-44.0,2,4707.608365
-50.0,1,4707.608422
-50.0,1,4710.68371
-50.0,2,4712.43705
-50.0,1,4713.440536
-35.0,2,4713.440594
-32.0,1,4715.628592
-35.0,2,4717.485402
-32.0,1,4717.485461
-50.0,1,4719.214866
-38.0,2,4720.34884
-50.0,1,4720.348894
-44.0,2,4724.488192
-44.0,2,4724.48825
-50.0,1,4726.998583
-47.0,2,4729.203039
-32.0,1,4731.122037
-44.0,2,4731.122096
-50.0,1,4734.642159
-50.0,1,4737.481717
28.0,2,4737.481782
-50.0,1,4739.914939
-47.0,2,4741.647078
-32.0,1,4741.647138
-50.0,1,4742.738296
-50.0,1,4742.738354
-50.0,1,4744.478448
-38.0,2,4745.600475
-50.0,1,4745.60054
-50.0,1,4746.749316
-50.0,1,4746.749385
-50.0,1,4748.550445
-32.0,1,4748.550504
-50.0,1,4749.646029
-50.0,1,4749.64609
-50.0,1,4751.357173
-50.0,1,4752.473876
-35.0,2,4752.47394
-50.0,1,4754.319136
-2.0,2,4755.913852
-50.0,1,4755.913912
-50.0,1,4758.044511
-44.0,2,4759.161561
-50.0,1,4759.161618
-50.0,1,4760.351561
-50.0,1,4760.351619
-32.0,1,4763.865745
-50.0,2,4765.08648
-50.0,1,4765.086538
-32.0,1,4768.290889
-47.0,2,4769.653678
-50.0,1,4769.653739
-50.0,2,4775.275353
-44.0,2,4775.27541
-50.0,1,4776.416286
-50.0,1,4776.416394
-50.0,1,4777.527955
-50.0,1,4777.528012
-50.0,1,4779.571049
-44.0,2,4782.019083
-47.0,2,4784.016152
-44.0,2,4785.167475
-50.0,1,4785.167539
-32.0,1,4787.06723
-50.0,1,4787.067293
-50.0,1,4788.2379
-50.0,1,4788.237957
-50.0,1,4789.399322
-50.0,1,4789.399388
-32.0,1,4791.807893
-50.0,1,4792.955817
-38.0,2,4792.955877
-50.0,1,4795.231725
-32.0,1,4797.106233
-44.0,2,4797.106291
-50.0,1,4798.913031
-32.0,1,4798.913089
-32.0,1,4800.812009
-50.0,1,4800.812068
-50.0,1,4802.002489
-50.0,1,4802.002546
-32.0,1,4804.87612
-44.0,2,4806.041839
-50.0,1,4806.041896
-32.0,1,4808.845506
-50.0,1,4810.064783
-44.0,2,4810.064849
-50.0,1,4812.846261
-50.0,2,4814.828975
-38.0,2,4817.264092
-47.0,2,4819.363053
-44.0,2,4821.833673
-50.0,1,4822.942466
-47.0,2,4822.942524
-50.0,1,4824.670905
-38.0,2,4826.407124
-35.0,2,4828.375799
-44.0,2,4831.554305
-50.0,1,4832.749358
-47.0,2,4832.749415
-32.0,1,4836.650398
-50.0,1,4837.823848
-50.0,2,4837.823918
-50.0,1,4839.965753
-50.0,1,4839.965818
-32.0,1,4843.519188
-47.0,2,4844.799261
-50.0,1,4844.799317
-50.0,1,4847.205178
-47.0,2,4849.439631
-50.0,1,4849.439711
-32.0,1,4852.126417
-50.0,1,4852.12647
-29.0,1,4855.454535
-47.0,2,4856.659645
-50.0,1,4856.659711
-50.0,1,4858.419137
-32.0,1,4858.419195
-32.0,1,4860.275604
-50.0,1,4860.27566
-50.0,1,4861.464545
-50.0,1,4861.464608
-50.0,1,4863.90928
-38.0,1,4863.909338
-50.0,1,4865.106501
-50.0,1,4865.106557
-50.0,1,4868.253581
-50.0,2,4870.037214
-32.0,1,4870.037274
-50.0,1,4873.201414
-50.0,2,4874.302717
-50.0,1,4874.302779
-50.0,1,4875.39611
-50.0,1,4875.396167
-50.0,1,4878.481392
-32.0,1,4881.137623
-50.0,2,4881.137717
-50.0,1,4883.686514
-50.0,1,4883.686628
-50.0,1,4886.329036
-29.0,1,4886.329094
-50.0,1,4887.425389
-50.0,1,4887.425445
-50.0,1,4889.338475
-44.0,2,4891.189426
-32.0,1,4891.189483
-50.0,1,4893.351945
-44.0,2,4895.141695
-32.0,1,4895.141751
-50.0,1,4896.345222
-50.0,1,4896.345284
-32.0,1,4898.857591
-50.0,1,4900.050393
-41.0,2,4900.05045
-50.0,1,4901.845503
-32.0,1,4901.84556
-50.0,1,4902.9997
-50.0,1,4902.999762
-50.0,1,4905.215408
-44.0,2,4906.256549
-50.0,1,4906.256606
-32.0,1,4907.867722
-50.0,1,4907.867783
-50.0,1,4909.52164
-32.0,1,4909.521702
-50.0,1,4910.62826
-50.0,1,4910.628317
-32.0,1,4913.210747
-44.0,2,4915.258057
-50.0,1,4915.258168
-50.0,1,4917.00274
-50.0,1,4917.002813
-32.0,1,4919.781471
-50.0,1,4919.781585
-50.0,1,4921.468222
-50.0,1,4921.46829
-50.0,1,4923.63153
-50.0,1,4923.631616
-29.0,1,4926.026449
-50.0,1,4926.02659
-50.0,1,4928.216346
-32.0,1,4928.216403
-50.0,1,4929.425611
-50.0,1,4929.425669
-50.0,1,4931.197587
-32.0,1,4931.197639
-50.0,1,4932.370203
-50.0,1,4932.370269
-44.0,2,4937.140371
-2.0,2,4937.14043
-50.0,1,4939.376029
-38.0,1,4939.376149
-50.0,1,4940.576685
-50.0,1,4940.576742
-32.0,1,4943.602356
-44.0,2,4944.799339
-50.0,1,4944.799393
-32.0,1,4946.67196
-50.0,1,4946.67202
-50.0,1,4947.907555
-50.0,1,4947.907612
-50.0,1,4950.868498
-50.0,1,4952.044957
-50.0,2,4952.045015
-50.0,1,4953.345761
-50.0,1,4953.345856
-50.0,1,4954.838755
-50.0,1,4954.838814
-50.0,1,4957.096031
-41.0,2,4958.969484
-50.0,1,4960.196167
-38.0,2,4960.196234
-32.0,1,4962.075159
-50.0,1,4962.075217
-50.0,1,4963.864319
-32.0,1,4963.864377
-50.0,1,4965.07064
-50.0,1,4965.070697
-50.0,1,4966.893358
-50.0,1,4968.029707
-38.0,2,4968.029759
-50.0,1,4969.174598
-50.0,1,4969.174654
-50.0,1,4971.009658
-38.0,2,4972.90512
-38.0,2,4974.708153
-32.0,1,4974.70821
-50.0,1,4976.551791
-38.0,2,4977.650348
-50.0,1,4977.650407
-32.0,1,4980.001091
-32.0,1,4980.00115
-50.0,1,4981.155556
-50.0,1,4981.155614
-50.0,1,4983.304204
-50.0,1,4984.598173
-44.0,2,4984.598233
-35.0,1,4987.076606
-50.0,1,4987.076669
-50.0,1,4990.830947
-44.0,2,4994.606832
-50.0,2,4996.417233
-50.0,1,4996.417295
-44.0,2,5003.02534
-47.0,2,5003.025429
-50.0,1,5005.689909
-50.0,1,5006.73272
-41.0,2,5006.732793
-50.0,1,5008.437901
-32.0,1,5008.437952
-50.0,1,5010.166577
-50.0,1,5011.294941
-35.0,2,5011.295
-50.0,1,5013.750906
-47.0,2,5015.43583
-32.0,1,5015.435898
-50.0,1,5017.922953
-47.0,2,5019.754359
-50.0,1,5020.96009
-38.0,2,5020.96015
-50.0,1,5022.72231
-35.0,2,5024.736699
-44.0,2,5026.7906
-44.0,2,5029.248669
-50.0,1,5030.517027
-47.0,2,5030.517092
-35.0,2,5034.552892
-38.0,2,5034.552962
-50.0,1,5035.669874
-50.0,1,5035.669935
-44.0,2,5039.894463
-44.0,2,5039.89452
-50.0,1,5041.984812
-32.0,1,5043.746938
-44.0,2,5043.746999
-50.0,1,5044.921641
-50.0,1,5044.9217
-38.0,1,5048.544295
-44.0,2,5050.127241
-32.0,1,5050.127297
-50.0,1,5053.364467
-41.0,2,5055.908489
-50.0,1,5055.908589
-50.0,1,5058.078997
-32.0,1,5058.079063
-50.0,1,5059.898954
-50.0,1,5059.899052
-50.0,1,5062.292883
-50.0,1,5062.292995
-50.0,1,5064.698673
-32.0,1,5066.382525
-44.0,2,5066.382585
-50.0,1,5067.497099
-50.0,1,5067.497155
-32.0,1,5069.260433
-50.0,1,5069.260493
-50.0,1,5071.294521
-50.0,1,5072.366432
-44.0,2,5072.366495
-50.0,1,5074.086604
-41.0,2,5075.787687
-38.0,2,5076.909536
-50.0,1,5076.909604
-35.0,1,5082.470055
-35.0,1,5085.301323
-47.0,2,5085.301405
-50.0,1,5087.190727
-32.0,1,5087.190787
-50.0,1,5090.143591
-50.0,2,5092.25479
-50.0,1,5093.430291
-44.0,2,5093.43035
-50.0,1,5096.542172
-50.0,2,5098.210631
-32.0,1,5098.210695
-35.0,1,5100.246187
-50.0,1,5100.246245
-50.0,1,5101.41582
-50.0,1,5101.415879
-50.0,1,5102.730088
-50.0,1,5102.730152
-50.0,1,5105.574404
-44.0,2,5108.560335
-44.0,2,5112.050777
-50.0,1,5114.387061
-44.0,2,5114.387164
-50.0,1,5116.375673
-50.0,1,5116.375734
-50.0,1,5118.814337
-35.0,1,5118.814427
-32.0,1,5120.624005
-50.0,1,5120.624071
-50.0,1,5123.003849
-2.0,2,5125.636444
-44.0,2,5127.209714
-50.0,1,5127.209777
-32.0,1,5130.44973
-47.0,2,5131.733185
-50.0,1,5131.733251
-50.0,1,5133.964695
-38.0,2,5136.680991
-44.0,2,5140.438429
-47.0,2,5142.197999
-38.0,2,5144.481056
-41.0,2,5146.127635
-50.0,1,5147.848165
-38.0,2,5147.848287
-35.0,1,5151.450926
-50.0,1,5151.450993
-50.0,1,5153.404679
-38.0,2,5154.526102
-50.0,1,5154.526157
-50.0,1,5156.973009
-47.0,2,5158.095822
-50.0,1,5158.095883
-50.0,1,5159.210032
-50.0,1,5159.210097
-50.0,1,5162.282123
-50.0,2,5163.376174
-50.0,1,5163.37624
-50.0,1,5165.621459
-32.0,1,5167.209723
-44.0,2,5167.209787
-50.0,1,5168.396523
-50.0,1,5168.396579
-50.0,1,5170.89114
-32.0,1,5173.215634
-47.0,2,5173.215726
-50.0,1,5174.41371
-50.0,1,5174.413779
-50.0,1,5175.73524
-50.0,1,5175.735302
-50.0,1,5178.135747
-44.0,2,5179.859049
-32.0,1,5179.859113
-50.0,1,5181.052848
-50.0,1,5181.052908
-50.0,1,5182.250416
-50.0,1,5182.250475
-32.0,1,5184.993916
-44.0,2,5186.223369
-50.0,1,5186.223431
-50.0,1,5188.498019
-50.0,1,5189.565241
-44.0,2,5189.565295
-50.0,1,5192.051823
-32.0,1,5193.696742
-50.0,2,5193.6968
-50.0,1,5195.8105
-41.0,2,5197.543434
-38.0,2,5199.23327
-41.0,2,5200.955954
-38.0,2,5202.056228
-50.0,1,5202.056285
-32.0,1,5203.979205
-50.0,1,5203.979271
-50.0,1,5205.114542
-50.0,1,5205.114599
-50.0,1,5207.183639
-44.0,2,5208.285849
-50.0,1,5208.286104
-50.0,1,5210.11646
-32.0,1,5210.116523
-32.0,1,5211.930137
-50.0,1,5211.930193
-50.0,1,5213.11557
-50.0,1,5213.115627
-50.0,1,5214.555236
-50.0,1,5214.555295
-41.0,2,5219.181591
-44.0,2,5219.181656
-41.0,2,5224.122583
-35.0,2,5224.122694
-50.0,1,5225.935688
-50.0,1,5225.935757
-50.0,1,5227.126841
-50.0,1,5227.126902
-50.0,1,5229.136198
-44.0,2,5230.196068
-50.0,1,5230.196129
-50.0,1,5231.337563
-50.0,1,5231.337636
-50.0,1,5233.344786
-50.0,1,5234.412842
-44.0,2,5234.412898
-50.0,1,5236.453086
-50.0,1,5237.511057
-44.0,2,5237.511119
-32.0,1,5239.202056
-50.0,1,5239.202122
-50.0,1,5240.327191
-50.0,1,5240.32725
-35.0,1,5243.610184
-50.0,1,5244.74343
-44.0,2,5244.743537
-50.0,1,5246.92667
-50.0,1,5247.967967
-41.0,2,5247.968027
-50.0,1,5249.089275
-50.0,1,5249.089337
-32.0,1,5251.678161
-50.0,1,5252.929991
-44.0,2,5252.930173
-29.0,1,5255.233599
-50.0,1,5255.233686
-50.0,1,5257.244209
-32.0,1,5257.244266
-50.0,1,5259.729361
-47.0,2,5262.29935
-35.0,1,5262.299406
-50.0,1,5263.741905
-50.0,1,5263.741969
-32.0,1,5266.050528
-50.0,1,5267.152109
-38.0,2,5267.152164
-50.0,1,5269.811426
-50.0,2,5271.613303
-38.0,2,5273.767627
-50.0,1,5274.786438
-41.0,2,5274.786501
-32.0,1,5276.515053
-50.0,1,5276.515113
-50.0,1,5278.463431
-50.0,1,5279.55505
-44.0,2,5279.555135
-50.0,1,5280.651208
-50.0,1,5280.651267
-50.0,1,5281.735949
-50.0,1,5281.736008
-32.0,1,5283.894502
-32.0,1,5283.894559
-50.0,1,5284.986556
-50.0,1,5284.986614
-29.0,1,5286.63759
-50.0,1,5286.637649
-50.0,1,5288.2715
-32.0,1,5288.271571
-50.0,1,5289.357747
-50.0,1,5289.357804
-50.0,1,5290.96168
-32.0,1,5290.961746
-50.0,1,5294.404654
-44.0,2,5296.59858
-32.0,1,5298.5101
-44.0,2,5298.510167
-50.0,1,5301.600915
-50.0,1,5303.996452
-47.0,2,5303.996516
-32.0,1,5306.820424
-35.0,1,5306.820504
-50.0,1,5308.053993
-50.0,1,5308.054048
-50.0,1,5309.320741
-50.0,1,5309.320809
-50.0,1,5310.450901
-50.0,1,5310.450959
-50.0,1,5311.561464
-50.0,1,5311.561521
-32.0,1,5313.972751
-32.0,1,5313.972822
-50.0,1,5315.105016
-50.0,1,5315.10508
-50.0,1,5316.370172
-50.0,1,5316.370231
-50.0,1,5318.155471
-38.0,2,5319.259793
-50.0,1,5319.259851
-50.0,1,5321.106882
-38.0,2,5322.872487
-32.0,1,5322.872547
-50.0,1,5324.844751
-35.0,2,5327.275587
-29.0,1,5328.939618
-47.0,2,5328.939674
-50.0,1,5330.040968
-50.0,1,5330.041025
-50.0,1,5331.837735
-38.0,2,5333.703995
-35.0,2,5335.638856
-44.0,2,5337.919104
-50.0,1,5339.00076
-47.0,2,5339.000819
-50.0,1,5341.671368
-50.0,2,5343.36498
-50.0,1,5344.474317
-38.0,2,5344.47438
-50.0,1,5346.242525
-38.0,2,5348.623152
-47.0,2,5351.724271
-50.0,2,5353.695112
-29.0,1,5353.695168
-50.0,1,5356.0036
-44.0,2,5358.110726
-50.0,1,5359.18365
-44.0,2,5359.183706
-50.0,1,5360.348256
-50.0,1,5360.348318
-50.0,1,5362.156453
-32.0,1,5362.156521
-32.0,1,5363.892213
-50.0,1,5363.892271
-50.0,1,5365.058205
-50.0,1,5365.058271
-47.0,2,5369.631974
-44.0,2,5369.632031
-50.0,1,5371.49734
-50.0,1,5373.075565
-2.0,2,5373.075625
-50.0,1,5375.175387
-32.0,1,5376.79156
-41.0,2,5376.791615
-50.0,1,5378.189097
-29.0,1,5378.189154
-50.0,1,5380.670661
-47.0,2,5382.718926
-38.0,1,5384.868003
-44.0,2,5384.868069
-50.0,1,5386.253165
-29.0,1,5386.253226
-50.0,1,5388.516144
-44.0,2,5389.701986
-50.0,1,5389.702047
-32.0,1,5391.432157
-50.0,1,5391.432228
-50.0,1,5392.560949
-50.0,1,5392.561008
-44.0,2,5397.243148
-47.0,2,5397.243207
-50.0,1,5398.378157
-50.0,1,5398.37822
-50.0,1,5399.516861
-50.0,1,5399.516924
-50.0,1,5401.22855
-29.0,1,5401.228607
-50.0,1,5402.322361
-50.0,1,5402.322422
-50.0,1,5404.007883
-35.0,1,5406.040882
-35.0,2,5406.040949
-50.0,1,5408.300094
-50.0,1,5409.470616
-44.0,2,5409.470671
-50.0,2,5416.78767
-47.0,2,5416.787731
-50.0,1,5418.711524
-50.0,1,5419.850098
-35.0,2,5419.850154
-50.0,1,5420.992932
-50.0,1,5420.992991
-50.0,1,5422.736371
-38.0,2,5424.394088
-32.0,1,5424.394145
-32.0,1,5426.328493
-50.0,1,5426.32855
-50.0,1,5427.506807
-50.0,1,5427.506866
-32.0,1,5430.035242
-32.0,1,5430.035297
-50.0,1,5431.166921
-50.0,1,5431.167021
-44.0,2,5435.106652
-38.0,2,5435.10671
-50.0,1,5436.281993
-50.0,1,5436.282049
-35.0,2,5440.257198
-44.0,2,5440.257286
-32.0,1,5442.036718
-50.0,1,5442.036775
-50.0,1,5443.181201
-50.0,1,5443.181259
-50.0,1,5446.024257
-50.0,2,5447.166392
-50.0,1,5447.166465
-50.0,1,5448.302627
-50.0,1,5448.302693
-50.0,1,5450.110197
-38.0,2,5451.210183
-50.0,1,5451.210244
-44.0,2,5454.704332
-35.0,2,5454.704391
-32.0,1,5456.420311
-50.0,1,5456.420374
-50.0,1,5458.0726
-32.0,1,5458.072661
-50.0,1,5460.461606
-47.0,2,5461.563892
-50.0,1,5461.563951
-50.0,1,5462.717639
-50.0,1,5462.7177
-50.0,1,5464.343091
-32.0,1,5464.343148
-32.0,1,5465.974227
-50.0,1,5465.974285
-50.0,1,5467.140282
-50.0,1,5467.140351
-47.0,2,5471.512232
-35.0,2,5471.512294
-35.0,1,5474.032475
-32.0,1,5474.032532
-50.0,1,5475.172023
-50.0,1,5475.172085
-50.0,1,5476.280456
-50.0,1,5476.280511
-50.0,1,5478.110273
-38.0,2,5479.821201
-32.0,1,5479.821259
-50.0,1,5482.664594
-50.0,2,5483.864237
-50.0,1,5483.864298
-32.0,1,5485.590823
-50.0,1,5485.590891
-50.0,1,5486.717233
-50.0,1,5486.717291
-50.0,1,5489.131288
-47.0,2,5490.850697
-35.0,2,5493.890111
-50.0,1,5495.205298
-50.0,2,5495.20536
-50.0,1,5497.829458
-50.0,1,5499.236334
-47.0,2,5499.236404
-47.0,2,5503.72654
-44.0,2,5503.726598
-50.0,1,5504.935055
-50.0,1,5504.935179
-50.0,1,5506.091149
-50.0,1,5506.091207
-32.0,1,5507.941406
-50.0,1,5507.941479
-50.0,1,5509.091519
-50.0,1,5509.091576
-50.0,1,5510.87158
-32.0,1,5510.871646
-32.0,1,5512.498668
-50.0,1,5512.498728
-50.0,1,5514.765222
-32.0,1,5514.765315
-29.0,1,5516.370978
-50.0,1,5516.371039
-50.0,1,5518.303394
-50.0,1,5519.314808
-44.0,2,5519.314866
-32.0,1,5520.912137
-50.0,1,5520.912196
-50.0,1,5522.001279
-50.0,1,5522.001339
-32.0,1,5524.237025
-29.0,1,5524.237083
-50.0,1,5525.321172
-50.0,1,5525.321231
-50.0,1,5527.255797
-41.0,2,5529.131673
-32.0,1,5529.131732
-50.0,1,5530.339548
-50.0,1,5530.339608
-50.0,1,5532.283782
-50.0,1,5534.223829
-2.0,2,5534.223887
-50.0,1,5536.093451
-32.0,1,5536.09351
-50.0,1,5538.271751
-44.0,2,5539.422161
-50.0,1,5539.422224
-50.0,1,5541.29717
-41.0,2,5542.423615
-50.0,1,5542.423672
-50.0,1,5543.624924
-50.0,1,5543.62498
-50.0,1,5545.778215
-44.0,2,5547.76251
-32.0,1,5547.762567
-50.0,1,5549.035925
-50.0,1,5549.035993
-35.0,1,5551.547516
-50.0,1,5551.547604
-50.0,1,5552.74859
-50.0,1,5552.748645
-50.0,1,5553.955417
-50.0,1,5553.955474
-50.0,1,5555.808608
-32.0,1,5555.808663
-50.0,1,5558.771099
-47.0,2,5560.821011
-50.0,1,5560.821128
-29.0,1,5563.949549
-50.0,1,5565.665758
-44.0,2,5565.665881
-50.0,1,5567.920591
-50.0,1,5569.088773
-44.0,2,5569.088833
-32.0,1,5570.945061
-50.0,1,5570.94513
-50.0,1,5572.314007
-50.0,1,5572.314065
-50.0,1,5574.989871
-50.0,2,5576.631785
-35.0,2,5577.649705
-50.0,1,5577.649766
-50.0,1,5578.772994
-50.0,1,5578.773059
-50.0,1,5580.494783
-38.0,2,5583.552641
-35.0,1,5585.608685
-50.0,2,5585.608746
-50.0,1,5588.008563
-50.0,1,5589.17664
-47.0,2,5589.176701
-44.0,2,5593.645667
-44.0,2,5593.645728
-50.0,1,5595.544868
-50.0,1,5596.698882
-38.0,2,5596.698943
-50.0,1,5598.667124
-35.0,2,5599.832864
-50.0,1,5599.832921
-50.0,1,5601.585966
-32.0,1,5601.586023
-50.0,1,5602.72936
-50.0,1,5602.729417
-50.0,1,5604.490018
-38.0,2,5605.63742
-50.0,1,5605.637482
-50.0,1,5607.391362
-38.0,2,5609.161408
-32.0,1,5609.161469
-32.0,1,5610.847324
-50.0,1,5610.847383
-50.0,1,5611.983701
-50.0,1,5611.983769
-50.0,1,5613.856163
-32.0,1,5613.856222
-50.0,1,5614.979169
-50.0,1,5614.979228
-50.0,1,5617.549206
-47.0,2,5620.386944
-50.0,2,5623.79825
-50.0,2,5626.265793
-44.0,2,5628.037673
-35.0,2,5629.056098
-50.0,1,5629.056155
-50.0,1,5630.186581
-50.0,1,5630.186645
-38.0,2,5634.302137
-44.0,2,5634.302201
-35.0,1,5636.63876
-50.0,1,5636.638817
-50.0,1,5637.769124
-50.0,1,5637.769205
-29.0,1,5640.393716
-50.0,1,5641.4872
-44.0,2,5641.487258
-41.0,2,5645.673004
-44.0,2,5645.673065
-50.0,1,5647.421691
-32.0,1,5647.421748
-35.0,1,5650.014545
-32.0,1,5650.014601
-50.0,1,5651.149437
-50.0,1,5651.1495
-50.0,1,5652.289269
-50.0,1,5652.292951
-50.0,1,5654.062539
-38.0,2,5655.149959
-50.0,1,5655.150022
-32.0,1,5658.030598
-38.0,1,5658.030669
-50.0,1,5659.906635
-50.0,1,5659.906749
-50.0,1,5662.554649
-44.0,2,5664.984174
-50.0,1,5664.984257
-50.0,1,5667.012982
-32.0,1,5667.013042
-50.0,1,5669.244993
-44.0,2,5670.403613
-50.0,1,5670.403699
-32.0,1,5673.411606
-47.0,2,5674.628225
-50.0,1,5674.628285
-50.0,1,5677.064393
-47.0,2,5678.417041
-50.0,1,5678.417161
-32.0,1,5682.038376
-35.0,1,5682.038446
-50.0,1,5684.097697
-32.0,1,5684.097767
-50.0,1,5685.463899
-50.0,1,5685.463969
-50.0,1,5687.462863
-32.0,1,5687.462921
-32.0,1,5689.245507
-50.0,1,5689.245565
-50.0,1,5691.171082
-32.0,1,5691.171149
-50.0,1,5692.472121
-50.0,1,5692.472191
-50.0,1,5694.380238
-32.0,1,5694.380297
-50.0,1,5695.651487
-50.0,1,5695.651567
-50.0,1,5697.480545
-38.0,2,5699.910579
-47.0,2,5701.126616
-50.0,1,5701.126674
-50.0,1,5703.836476
-47.0,2,5705.793126
-50.0,1,5705.793234
-50.0,1,5708.779162
-44.0,2,5711.655454
-35.0,1,5711.655524
-29.0,1,5714.196821
-38.0,2,5715.279751
-50.0,1,5715.279811
-35.0,1,5717.653275
-32.0,1,5717.653335
-50.0,1,5718.712154
-50.0,1,5718.712213
-32.0,1,5720.996649
-38.0,2,5722.081544
-50.0,1,5722.081603
-32.0,1,5723.760506
-50.0,1,5723.760564
-50.0,1,5724.822913
-50.0,1,5724.822971
-50.0,1,5726.423963
-32.0,1,5726.424023
-50.0,1,5727.502959
-50.0,1,5727.503018
-50.0,1,5729.152704
-29.0,1,5729.152762
-50.0,1,5730.243576
-50.0,1,5730.243637
-50.0,1,5731.339836
-50.0,1,5731.339893
-50.0,1,5732.416316
-50.0,1,5732.416376
-50.0,1,5734.096005
-32.0,1,5734.096062
-50.0,1,5735.189798
-50.0,1,5735.189853
-50.0,1,5736.900053
-35.0,2,5738.214724
-50.0,1,5738.214782
-32.0,1,5741.226066
-44.0,2,5743.021333
-50.0,1,5743.021459
-50.0,1,5747.182849
-47.0,2,5750.336092
-35.0,1,5752.930313
-47.0,2,5752.930373
-50.0,1,5754.973539
-44.0,2,5757.215865
-44.0,2,5758.901085
-38.0,2,5760.478161
-32.0,1,5760.47822
-50.0,1,5761.620966
-50.0,1,5761.621034
-32.0,1,5763.29575
-50.0,1,5763.295807
-50.0,1,5764.406881
-50.0,1,5764.40694
-50.0,1,5765.540541
-50.0,1,5765.5406
-32.0,1,5768.57885
-50.0,1,5769.78311
-47.0,2,5769.783167
-50.0,1,5771.630986
-32.0,1,5771.631045
-50.0,1,5772.744416
-50.0,1,5772.744473
-50.0,1,5773.874151
-50.0,1,5773.874215
-32.0,1,5775.557782
-50.0,1,5775.55784
-50.0,1,5776.674631
-50.0,1,5776.674693
-50.0,1,5777.835814
-50.0,1,5777.835874
-50.0,1,5779.724779
-32.0,1,5779.724835
-50.0,1,5780.951469
-50.0,1,5780.951526
-50.0,1,5782.902642
-41.0,2,5784.145078
-50.0,1,5784.145133
-50.0,1,5787.031277
-32.0,1,5787.031339
-50.0,1,5788.266784
-50.0,1,5788.266843
-32.0,1,5790.246018
-50.0,1,5790.246075
-50.0,1,5792.273835
-50.0,1,5792.273946
-50.0,1,5795.127542
-32.0,1,5795.1276
-50.0,1,5798.439141
-8.0,2,5801.602617
-50.0,1,5801.602677
-35.0,1,5805.917511
-50.0,1,5807.260898
-44.0,2,5807.260953
-50.0,1,5808.361087
-50.0,1,5808.361146
-50.0,1,5811.313984
-50.0,1,5812.357602
-50.0,2,5812.357661
-50.0,1,5813.477817
-50.0,1,5813.477882
-50.0,1,5815.608965
-32.0,1,5817.236387
-44.0,2,5817.23644
-50.0,1,5818.345405
-50.0,1,5818.345462
-50.0,1,5819.455413
-50.0,1,5819.455477
-50.0,1,5821.126276
-32.0,1,5821.126343
-32.0,1,5822.924547
-50.0,1,5822.924607
-50.0,1,5824.04341
-50.0,1,5824.043463
-32.0,1,5825.735359
-50.0,1,5825.73542
-50.0,1,5826.935601
-50.0,1,5826.935658
-50.0,1,5828.160117
-50.0,1,5828.160177
-50.0,1,5829.372047
-50.0,1,5829.372103
-50.0,1,5830.568136
-50.0,1,5830.568195
-50.0,1,5831.775671
-50.0,1,5831.775734
-50.0,1,5834.392673
-50.0,1,5835.677922
-47.0,2,5835.677978
-50.0,1,5838.285127
-50.0,1,5839.490385
-47.0,2,5839.490439
-50.0,1,5842.461106
-47.0,2,5843.844737
-50.0,1,5843.844797
-50.0,1,5846.050026
-44.0,2,5847.27827
-50.0,1,5847.278327
-38.0,1,5850.777776
-44.0,2,5851.940179
-50.0,1,5851.940237
-50.0,1,5854.278288
-47.0,2,5855.970279
-32.0,1,5855.970336
-50.0,1,5857.291865
-50.0,1,5857.291975
-29.0,1,5859.900138
-50.0,1,5859.900199
-50.0,1,5861.76066
-32.0,1,5861.76072
-50.0,1,5862.972322
-50.0,1,5862.972389
-50.0,1,5864.984808
-50.0,1,5866.696412
-2.0,2,5866.696523
-2.0,2,5871.028561
-38.0,2,5871.028623
-32.0,1,5873.507739
-32.0,1,5873.507801
-50.0,1,5874.66164
-50.0,1,5874.661696
-50.0,1,5876.707176
-44.0,2,5877.762187
-50.0,1,5877.762244
-50.0,1,5880.726804
-50.0,2,5882.026177
-50.0,1,5882.026264
-50.0,1,5884.749325
-50.0,1,5885.889095
-44.0,2,5885.889158
-32.0,1,5887.737537
-50.0,1,5887.737594
-50.0,1,5889.376006
-50.0,1,5889.376066
-50.0,1,5891.845782
-50.0,1,5893.677156
-44.0,2,5893.677271
-50.0,1,5895.325685
-50.0,1,5895.325745
-50.0,1,5896.928086
-50.0,1,5896.928203
-50.0,1,5899.238673
-32.0,1,5899.238724
-29.0,1,5901.673362
-50.0,1,5901.673426
-50.0,1,5903.829427
-50.0,1,5903.829548
-50.0,1,5907.0147
-32.0,1,5907.014826
-50.0,1,5909.573661
-50.0,1,5909.573774
-50.0,1,5911.870802
-38.0,2,5914.650802
-47.0,2,5915.842675
-50.0,1,5915.842731
-38.0,1,5918.820275
-50.0,1,5919.932725
-44.0,2,5919.932783
-32.0,1,5922.165474
-32.0,1,5922.165538
-50.0,1,5923.274784
-50.0,1,5923.274842
-50.0,1,5924.380759
-50.0,1,5924.38082
-50.0,1,5926.104781
-50.0,1,5927.219892
-38.0,2,5927.219951
-50.0,1,5930.075581
-50.0,1,5931.304947
-50.0,2,5931.305015
-44.0,2,5939.876499
-47.0,2,5939.876603
-26.0,1,5942.604358
-50.0,1,5942.604437
-50.0,1,5944.960263
-50.0,1,5944.960378
-50.0,1,5947.745149
-44.0,2,5949.311795
-50.0,1,5949.311861
-50.0,1,5951.064857
-32.0,1,5951.064915
-50.0,1,5952.817549
-38.0,2,5953.928938
-50.0,1,5953.929001
-50.0,1,5955.70412
-2.0,2,5958.219929
-44.0,2,5960.878282
-47.0,2,5963.63257
-38.0,1,5965.529016
-47.0,2,5965.529085
-50.0,1,5967.045641
-50.0,1,5967.045715
-50.0,1,5971.298746
-47.0,2,5973.314926
-50.0,1,5973.315006
-50.0,1,5975.512573
-50.0,1,5975.512686
-50.0,1,5977.133006
-50.0,1,5977.133068
-50.0,1,5978.944189
-38.0,2,5980.932707
-44.0,2,5982.667941
-35.0,2,5985.1141
-47.0,2,5987.331826
-44.0,2,5989.211093
-35.0,2,5990.332846
-50.0,1,5990.332904
-50.0,1,5992.043273
-32.0,1,5992.04333
-50.0,1,5993.172458
-50.0,1,5993.172515
-50.0,1,5994.296753
-50.0,1,5994.29681
-50.0,1,5996.351263
-50.0,1,5997.4783
-44.0,2,5997.478365
-50.0,1,5999.159283
-32.0,1,5999.159342
-32.0,1,6000.891025
-50.0,1,6000.891083
-50.0,1,6002.821135
-50.0,1,6003.830577
-44.0,2,6003.830633
-50.0,1,6005.009887
-50.0,1,6005.009945
-50.0,1,6006.907695
-35.0,1,6006.907752
-32.0,1,6009.118696
-50.0,1,6009.118759
-50.0,1,6010.20422
-50.0,1,6010.204282
-50.0,1,6012.389447
-44.0,2,6013.575681
-50.0,1,6013.57574
-50.0,1,6015.25872
-32.0,1,6015.258817
-50.0,1,6017.032177
-38.0,2,6018.123827
-50.0,1,6018.123885
-35.0,1,6019.743382
-50.0,1,6019.743438
-50.0,1,6020.871235
-50.0,1,6020.871292
-50.0,1,6022.070662
-50.0,1,6022.070721
-50.0,1,6023.236851
-50.0,1,6023.23692
-50.0,1,6024.400565
-50.0,1,6024.400616
-35.0,1,6027.517174
-50.0,1,6029.649806
-35.0,2,6029.649878
-50.0,1,6031.486419
-50.0,1,6031.486478
-35.0,1,6033.913981
-50.0,1,6033.914044
-50.0,1,6035.128633
-50.0,1,6035.128756
-35.0,1,6039.144039
-35.0,1,6039.144149
-50.0,1,6041.13924
-50.0,1,6042.250009
-38.0,2,6042.250067
-50.0,1,6044.2272
-44.0,2,6045.80206
-32.0,1,6045.802117
-50.0,1,6046.905704
-50.0,1,6046.905766
-44.0,2,6050.434792
-35.0,2,6050.434849
-32.0,1,6052.158259
-50.0,1,6052.158317
-50.0,1,6055.425568
-50.0,1,6056.745752
-50.0,2,6056.745809
-50.0,1,6058.939252
-44.0,2,6060.64035
-32.0,1,6060.640408
-50.0,1,6061.808437
-50.0,1,6061.808494
-50.0,1,6063.722569
-2.0,2,6065.435411
-50.0,1,6065.435469
-50.0,1,6068.051065
-47.0,2,6069.328
-50.0,1,6069.32812
-32.0,1,6072.408046
-50.0,1,6073.556794
-44.0,2,6073.556861
-50.0,1,6074.76669
-50.0,1,6074.766746
-50.0,1,6076.650298
-50.0,1,6078.378758
-2.0,2,6078.378815
-50.0,1,6080.898435
-44.0,2,6082.942392
-32.0,1,6082.942449
-29.0,1,6085.025491
-50.0,1,6085.025554
-50.0,1,6086.785077
-32.0,1,6086.785133
-50.0,1,6088.058586
-50.0,1,6088.058647
-50.0,1,6090.374062
-50.0,1,6090.374169
-50.0,1,6093.045329
-32.0,1,6093.045433
-50.0,1,6095.663885
-50.0,1,6095.663944
-50.0,1,6097.742559
-50.0,1,6097.742614
-50.0,1,6099.546495
-32.0,1,6099.546552
-50.0,1,6101.442163
-2.0,2,6103.01289
-50.0,1,6103.012956
-50.0,1,6104.716374
-50.0,1,6105.727462
-35.0,2,6105.727521
-44.0,2,6109.48619
5.0,2,6109.486246
-29.0,1,6111.681086
-50.0,1,6112.950315
-5.0,2,6112.950372
-25.0,1,6115.440543
-44.0,2,6117.656636
-32.0,1,6117.656766
-32.0,1,6121.28313
-50.0,1,6121.283243
-50.0,1,6124.661717
-44.0,2,6126.661553
-50.0,1,6126.661674
-50.0,1,6129.756772
-32.0,1,6131.433902
-47.0,2,6131.433962
-50.0,1,6133.159581
-32.0,1,6133.159646
-50.0,1,6134.893003
-38.0,2,6136.003499
-50.0,1,6136.003555
-32.0,1,6137.759143
-50.0,1,6137.759198
-50.0,1,6138.899976
-50.0,1,6138.900032
-50.0,1,6140.01965
-50.0,1,6140.019711
-50.0,1,6141.163164
-50.0,1,6141.163226
-32.0,1,6143.909969
-50.0,1,6143.910088
-50.0,1,6146.364497
-50.0,1,6146.364555
-50.0,1,6149.976331
-44.0,2,6152.367462
-44.0,2,6154.1531
-38.0,2,6156.480927
-44.0,2,6158.334727
-32.0,1,6160.148186
-38.0,2,6160.148246
-50.0,1,6161.342614
-50.0,1,6161.34267
-50.0,1,6163.192695
-32.0,1,6164.925075
-38.0,2,6164.925133
-50.0,1,6166.860735
-29.0,1,6168.508948
-35.0,2,6168.509004
-50.0,1,6170.157351
-29.0,1,6170.157406
-50.0,1,6171.239893
-50.0,1,6171.23995
-50.0,1,6174.007019
-50.0,1,6175.108906
-50.0,2,6175.108963
-50.0,1,6176.1997
-50.0,1,6176.199758
-50.0,1,6177.286926
-50.0,1,6177.286983
-32.0,1,6179.099036
-50.0,1,6179.0991
-50.0,1,6181.138415
-50.0,1,6181.138472
-50.0,1,6182.255921
-50.0,1,6182.255988
-50.0,1,6183.926745
-32.0,1,6183.926798
-50.0,1,6185.051685
-50.0,1,6185.051743
-32.0,1,6188.436502
-50.0,1,6189.660082
-50.0,2,6189.660141
-50.0,1,6192.839676
-50.0,1,6194.012958
-50.0,2,6194.013018
-50.0,1,6195.155263
-50.0,1,6195.15532
-32.0,1,6196.906996
-50.0,1,6196.907055
-50.0,1,6198.599383
-32.0,1,6198.599442
-32.0,1,6200.373789
-50.0,1,6200.373857
-50.0,1,6201.541051
-50.0,1,6201.541154
-50.0,1,6203.320546
-32.0,1,6203.320606
-50.0,1,6204.624842
-50.0,1,6204.624905
-50.0,1,6207.088256
-44.0,2,6208.356902
-50.0,1,6208.356963
-50.0,1,6210.637987
-41.0,2,6212.42123
-32.0,1,6212.421289
-32.0,1,6214.210515
-50.0,1,6214.210584
-50.0,1,6215.36635
-50.0,1,6215.36641
-50.0,1,6218.42705
-50.0,2,6219.629021
-50.0,1,6219.629081
-50.0,1,6220.835586
-50.0,1,6220.835643
-32.0,1,6222.589564
-50.0,1,6222.589632
-50.0,1,6224.318071
-29.0,1,6224.318134
-50.0,1,6225.451308
-50.0,1,6225.451364
-50.0,1,6227.150817
-32.0,1,6227.150875
-50.0,1,6228.274099
-50.0,1,6228.274156
-50.0,1,6229.38199
-50.0,1,6229.382051
-32.0,1,6232.088905
-50.0,1,6232.089011
-50.0,1,6234.947184
-29.0,1,6234.947295
-35.0,1,6238.162903
-50.0,1,6238.162987
-32.0,1,6241.774508
-32.0,1,6241.77462
-50.0,1,6244.625693
-29.0,1,6244.625807
-50.0,1,6246.309253
-50.0,1,6246.309313
-50.0,1,6247.406668
-50.0,1,6247.406726
-32.0,1,6249.226858
-50.0,1,6249.226916
-50.0,1,6250.408264
-50.0,1,6250.408333
-50.0,1,6251.578549
-50.0,1,6251.578604
-32.0,1,6253.264522
-50.0,1,6253.264583
-50.0,1,6254.569691
-50.0,1,6254.569798
-29.0,1,6256.863496
-50.0,1,6256.863561
-50.0,1,6257.980297
-50.0,1,6257.980354
-32.0,1,6259.751678
-50.0,1,6259.751735
-50.0,1,6262.880166
-32.0,1,6265.861628
-50.0,2,6265.861741
-50.0,1,6268.768405
-32.0,1,6268.768508
-35.0,1,6272.139803
-50.0,1,6272.139899
-50.0,1,6274.69077
-50.0,1,6274.690875
-50.0,1,6275.888465
-50.0,1,6275.888526
-50.0,1,6277.702653
-32.0,1,6277.702709
-50.0,1,6279.408069
-50.0,1,6279.408195
-32.0,1,6282.790733
-50.0,1,6282.790847
-29.0,1,6287.676166
-50.0,1,6289.23978
-44.0,2,6289.239896
-29.0,1,6291.129037
-50.0,1,6291.129094
-50.0,1,6293.286887
-50.0,1,6294.321583
-41.0,2,6294.321644
-35.0,1,6296.830916
-44.0,2,6297.891041
-50.0,1,6297.8911
-50.0,1,6299.71665
-32.0,1,6299.716712
-32.0,1,6301.425483
-50.0,1,6301.42555
-50.0,1,6302.537709
-50.0,1,6302.537761
-32.0,1,6304.805624
-50.0,1,6305.915345
-38.0,2,6305.915405
-50.0,1,6307.734038
-32.0,1,6307.734095
-50.0,1,6308.809269
-50.0,1,6308.809328
-50.0,1,6309.884504
-50.0,1,6309.884562
-32.0,1,6311.483365
-50.0,1,6311.483422
-50.0,1,6312.551393
-50.0,1,6312.551447
-32.0,1,6314.820203
-50.0,1,6315.89158
-38.0,2,6315.891639
-50.0,1,6318.643189
-50.0,2,6319.822073
-50.0,1,6319.822144
-50.0,1,6322.56125
-32.0,1,6322.561342
-50.0,1,6324.238299
-50.0,1,6324.238355
-50.0,1,6325.930979
-29.0,1,6325.931038
-50.0,1,6327.024785
-50.0,1,6327.024881
-50.0,1,6328.659206
-32.0,1,6328.659272
-32.0,1,6330.347721
-50.0,1,6330.347779
-50.0,1,6331.492282
-50.0,1,6331.492338
-50.0,1,6333.482843
-44.0,2,6334.581776
-50.0,1,6334.581832
-50.0,1,6336.265754
-32.0,1,6336.265814
-50.0,1,6337.401413
-50.0,1,6337.401481
-50.0,1,6339.081239
-32.0,1,6339.081297
-50.0,1,6340.200342
-50.0,1,6340.2004
-50.0,1,6341.34279
-50.0,1,6341.342847
-50.0,1,6343.091136
-32.0,1,6343.091197
-50.0,1,6345.009557
-38.0,2,6346.183022
-50.0,1,6346.183079
-32.0,1,6347.955785
-50.0,1,6347.955854
-50.0,1,6350.063246
-50.0,1,6351.25413
-44.0,2,6351.254189
-50.0,1,6352.464604
-50.0,1,6352.464662
-50.0,1,6353.634271
-50.0,1,6353.634328
-50.0,1,6355.4873
-50.0,1,6357.151991
-2.0,2,6357.152048
-50.0,1,6358.859143
-32.0,1,6358.859201
-50.0,1,6360.046059
-50.0,1,6360.046125
-50.0,1,6362.128672
-35.0,1,6362.12873
-32.0,1,6363.834351
-50.0,1,6363.834407
-50.0,1,6364.965558
-50.0,1,6364.965615
-50.0,1,6366.823841
-2.0,2,6368.490065
-50.0,1,6368.490127
-50.0,1,6369.649813
-50.0,1,6369.649876
-32.0,1,6371.371024
-50.0,1,6371.371082
-50.0,1,6372.540175
-50.0,1,6372.540239
-50.0,1,6373.715795
-50.0,1,6373.715855
-32.0,1,6375.52593
-50.0,1,6375.525991
-50.0,1,6377.334938
-32.0,1,6379.130633
-38.0,2,6379.130826
-50.0,1,6380.362663
-50.0,1,6380.36272
-50.0,1,6381.577939
-50.0,1,6381.577988
-32.0,1,6384.339184
-38.0,1,6384.339239
-50.0,1,6385.475196
-50.0,1,6385.475254
-50.0,1,6387.223687
-32.0,1,6387.223748
-50.0,1,6388.382345
-50.0,1,6388.382401
-50.0,1,6390.179321
-32.0,1,6390.179377
-50.0,1,6391.319007
-50.0,1,6391.319067
-50.0,1,6392.485508
-50.0,1,6392.485565
-50.0,1,6393.638334
-50.0,1,6393.638398
-50.0,1,6394.811701
-50.0,1,6394.811758
-38.0,2,6398.589783
-44.0,2,6398.589882
-47.0,2,6404.249561
-10.0,2,6404.24962
-50.0,1,6405.401127
-50.0,1,6405.401189
-32.0,1,6408.174458
-44.0,2,6409.334685
-50.0,1,6409.334743
-50.0,1,6411.03071
-32.0,1,6411.03077
-32.0,1,6412.816702
-50.0,1,6412.81677
-50.0,1,6414.647218
-32.0,1,6414.647286
-32.0,1,6416.527463
-50.0,1,6416.527522
-50.0,1,6417.731354
-50.0,1,6417.731411
-32.0,1,6421.052026
-50.0,2,6422.104759
-50.0,1,6422.104819
-50.0,1,6423.188823
-50.0,1,6423.188883
-32.0,1,6424.822297
-50.0,1,6424.822355
-50.0,1,6426.520861
-32.0,1,6426.520919
-50.0,1,6427.606015
-50.0,1,6427.606116
-32.0,1,6430.830485
-35.0,1,6430.830567
-50.0,1,6432.189125
-50.0,1,6432.189185
-50.0,1,6433.267478
-50.0,1,6433.267534
-50.0,1,6435.407088
-44.0,2,6437.04334
-32.0,1,6437.043401
-50.0,1,6438.17206
-50.0,1,6438.172122
-50.0,1,6439.350286
-50.0,1,6439.350341
-50.0,1,6440.516062
-50.0,1,6440.516121
-50.0,1,6442.355935
-38.0,2,6443.521091
-50.0,1,6443.521148
-32.0,1,6445.955054
-32.0,1,6445.955112
-50.0,1,6447.124498
-50.0,1,6447.124557
-38.0,1,6449.279898
-50.0,1,6449.279953
-50.0,1,6450.457363
-50.0,1,6450.457428
-50.0,1,6452.821383
-44.0,2,6453.938516
-50.0,1,6453.938574
-50.0,1,6455.824953
-41.0,2,6456.999354
-50.0,1,6456.999439
-47.0,2,6463.2671
-44.0,2,6463.26721
-29.0,1,6466.55994
-50.0,1,6469.3221
-3.0,2,6469.322222
-50.0,1,6472.631808
-47.0,2,6475.340575
-8.0,2,6477.604471
-32.0,1,6477.604532
-50.0,1,6479.43856
-2.0,2,6481.206965
-50.0,1,6481.207027
-50.0,1,6483.050682
-32.0,1,6483.050764
-32.0,1,6484.92697
-50.0,1,6484.927031
-50.0,1,6486.237273
-50.0,1,6486.237393
-50.0,1,6488.929023
-47.0,2,6490.003648
-50.0,1,6490.003723
-50.0,1,6492.112614
-29.0,1,6492.112683
-50.0,1,6493.554314
-50.0,1,6493.55437
-50.0,1,6495.328937
-32.0,1,6495.328996
-50.0,1,6496.516488
-50.0,1,6496.516543
-50.0,1,6498.63643
-44.0,2,6499.737229
-50.0,1,6499.737285
-50.0,1,6500.928735
-50.0,1,6500.928793
-50.0,1,6502.700908
-32.0,1,6502.700966
-50.0,1,6504.60512
-2.0,2,6506.311723
-50.0,1,6506.311781
-50.0,1,6509.842577
-44.0,2,6511.774356
-50.0,1,6511.774437
-35.0,1,6513.623989
-50.0,1,6513.624045
-50.0,1,6515.041512
-50.0,1,6515.041576
-50.0,1,6516.265419
-50.0,1,6516.265478
-32.0,1,6519.281457
-41.0,2,6520.837802
-50.0,1,6520.837865
-50.0,1,6521.999476
-50.0,1,6521.999538
-35.0,1,6527.329952
-50.0,1,6529.971195
-44.0,2,6529.971308
-29.0,1,6531.959733
-50.0,1,6531.959789
-50.0,1,6533.195057
-50.0,1,6533.195124
-50.0,1,6535.196496
-2.0,2,6538.173638
-50.0,1,6539.27657
-44.0,2,6539.276629
-50.0,1,6540.458681
-50.0,1,6540.458739
-50.0,1,6542.665851
-38.0,1,6542.665911
-32.0,1,6544.477319
-50.0,1,6544.477376
-50.0,1,6545.706862
-50.0,1,6545.706921
-50.0,1,6546.801654
-50.0,1,6546.801712
-50.0,1,6547.868918
-50.0,1,6547.868975
-32.0,1,6549.506277
-50.0,1,6549.506336
-50.0,1,6550.758617
-50.0,1,6550.758701
-32.0,1,6553.117716
-38.0,2,6554.244968
-50.0,1,6554.24504
-38.0,1,6557.261111
-32.0,1,6557.26122
-50.0,1,6559.450483
-44.0,2,6561.840659
-50.0,1,6562.932757
-44.0,2,6562.932817
-50.0,1,6564.668597
-35.0,2,6565.794273
-50.0,1,6565.794331
-50.0,1,6567.962862
-41.0,2,6569.246951
-50.0,1,6569.247006
-50.0,1,6570.50307
-50.0,1,6570.503156
-29.0,1,6573.341286
-50.0,1,6573.341401
-50.0,1,6575.779194
-50.0,1,6575.779305
-47.0,2,6582.825283
40.0,3,6584.699553
-50.0,1,6584.699606
-32.0,1,6587.265309
-32.0,1,6587.265371
-50.0,1,6588.494827
-50.0,1,6588.494896
-50.0,1,6590.447077
-2.0,2,6592.743532
-32.0,1,6592.743592
-50.0,1,6593.941348
-50.0,1,6593.941409
-50.0,1,6595.766572
-29.0,1,6595.766632
-50.0,1,6596.985093
-50.0,1,6596.985153
-32.0,1,6600.257793
-50.0,1,6601.389993
-47.0,2,6601.390053
-50.0,1,6602.579898
-50.0,1,6602.579958
-50.0,1,6604.448924
-50.0,1,6606.140673
-2.0,2,6606.140734
-32.0,1,6609.173986
-38.0,1,6609.174043
-50.0,1,6610.357086
-50.0,1,6610.357144
-50.0,1,6611.523604
-50.0,1,6611.52371
-50.0,1,6613.585808
-44.0,2,6615.340589
-35.0,2,6616.452144
-50.0,1,6616.452203
-50.0,1,6617.552396
-50.0,1,6617.552453
-35.0,2,6621.936337
-50.0,2,6621.936395
-32.0,1,6623.545369
-50.0,1,6623.545432
-50.0,1,6625.248057
-32.0,1,6625.248116
-50.0,1,6626.380797
-50.0,1,6626.380855
-50.0,1,6627.738733
-50.0,1,6627.738847
-50.0,1,6629.853204
-32.0,1,6629.85327
-50.0,1,6631.298001
-50.0,1,6631.298059
-32.0,1,6633.042873
-50.0,1,6633.042932
-50.0,1,6634.768287
-32.0,1,6634.768363
-50.0,1,6636.336399
-50.0,1,6636.336457
-50.0,1,6638.096198
-32.0,1,6638.096257
-50.0,1,6639.411497
-50.0,1,6639.411556
-50.0,1,6640.953685
-50.0,1,6640.953748
-50.0,1,6642.937984
-32.0,1,6642.938047
-50.0,1,6644.20469
-50.0,1,6644.204758
-32.0,1,6646.674462
-50.0,1,6646.674525
-50.0,1,6647.803127
-50.0,1,6647.803226
-32.0,1,6650.180452
-38.0,2,6651.305208
-50.0,1,6651.30527
-32.0,1,6653.035365
-50.0,1,6653.035423
-50.0,1,6654.153459
-50.0,1,6654.153514
-50.0,1,6655.269415
-50.0,1,6655.269474
-32.0,1,6657.805423
-35.0,1,6657.80549
-50.0,1,6660.159498
-50.0,1,6660.159613
-29.0,1,6662.611719
-50.0,1,6663.74027
-35.0,2,6663.740327
-50.0,1,6664.864953
-50.0,1,6664.865009
-50.0,1,6666.970813
-44.0,2,6668.161515
-50.0,1,6668.161572
-50.0,1,6669.337101
-50.0,1,6669.337173
-2.0,2,6673.746854
-44.0,2,6673.746909
-32.0,1,6675.494107
-50.0,1,6675.494166
-50.0,1,6677.906708
-38.0,1,6677.906765
-50.0,1,6679.07679
-50.0,1,6679.076848
-32.0,1,6680.829127
-50.0,1,6680.829191
-50.0,1,6682.921314
-50.0,1,6684.744033
-44.0,2,6684.744146
-50.0,1,6687.150782
-50.0,1,6687.150893
-50.0,1,6690.434744
-50.0,1,6692.898381
-5.0,2,6692.898438
-35.0,1,6695.777095
-44.0,2,6696.816847
-50.0,1,6696.816907
-50.0,1,6698.473447
-41.0,2,6700.210624
-32.0,1,6700.210687
-50.0,1,6702.575124
-47.0,2,6703.795927
-50.0,1,6703.795986
-38.0,1,6706.307279
-50.0,1,6706.307336
-50.0,1,6708.093858
-50.0,1,6709.095999
-38.0,2,6709.096056
-50.0,1,6710.411527
-26.0,1,6710.411584
-50.0,1,6712.749193
-47.0,2,6714.730086
-35.0,2,6716.87625
-32.0,1,6718.487384
-44.0,2,6718.487442
-50.0,1,6719.565527
-50.0,1,6719.565583
-50.0,1,6721.193516
-32.0,1,6721.193573
-32.0,1,6722.879028
-50.0,1,6722.879088
-50.0,1,6724.007203
-50.0,1,6724.007268
-32.0,1,6726.333779
-35.0,2,6727.431487
-50.0,1,6727.431548
-50.0,1,6728.557546
-50.0,1,6728.557605
-50.0,1,6729.688615
-50.0,1,6729.688674
-50.0,1,6732.161018
-50.0,1,6732.161084
-50.0,1,6733.889241
-29.0,1,6733.8893
-50.0,1,6735.008673
-50.0,1,6735.008731
-50.0,1,6737.014551
-44.0,2,6738.04995
-50.0,1,6738.050008
-50.0,1,6739.773864
-32.0,1,6739.773921
-50.0,1,6740.894065
-50.0,1,6740.894125
-50.0,1,6742.033831
-50.0,1,6742.033889
-50.0,1,6743.198488
-50.0,1,6743.198555
-32.0,1,6744.844945
-50.0,1,6744.845005
-50.0,1,6745.965303
-50.0,1,6745.96536
-32.0,1,6747.625948
-50.0,1,6747.626017
-50.0,1,6748.748399
-50.0,1,6748.748459
-50.0,1,6749.865763
-50.0,1,6749.865819
-50.0,1,6752.384517
-50.0,1,6754.878091
-44.0,2,6754.878163
-50.0,1,6756.473017
-50.0,1,6756.47308
-50.0,1,6758.582631
-50.0,1,6759.691097
-44.0,2,6759.691155
-50.0,1,6760.896513
-50.0,1,6760.89657
-50.0,1,6763.00271
-32.0,1,6763.00283
-50.0,1,6765.54928
-50.0,1,6765.549346
-50.0,1,6768.249842
-50.0,1,6768.249948
-50.0,1,6770.488495
-32.0,1,6770.488552
-50.0,1,6771.838457
-50.0,1,6771.838519
-50.0,1,6773.207846
-50.0,1,6773.207905
-32.0,1,6775.85102
-50.0,1,6777.097933
-38.0,2,6777.09799
-50.0,1,6778.258563
-50.0,1,6778.258631
-32.0,1,6780.587
-32.0,1,6780.587063
-50.0,1,6781.68185
-50.0,1,6781.681911
-50.0,1,6783.665985
-50.0,1,6784.717506
-44.0,2,6784.717562
-50.0,1,6785.809546
-50.0,1,6785.809607
-29.0,1,6788.353552
-50.0,1,6789.420273
-44.0,2,6789.420329
-50.0,1,6790.986269
-50.0,1,6793.055727
-10.0,2,6793.055793
-50.0,1,6794.759791
-50.0,1,6795.897319
-38.0,2,6795.897377
-32.0,1,6797.619038
-50.0,1,6797.619095
-50.0,1,6798.73822
-50.0,1,6798.73828
-32.0,1,6800.417006
-50.0,1,6800.417066
-50.0,1,6802.430212
-32.0,1,6804.053367
-44.0,2,6804.053437
-50.0,1,6805.815999
-50.0,1,6806.9424
-32.0,2,6806.942456
-32.0,1,6809.150074
-32.0,1,6809.150135
-50.0,1,6810.278333
-50.0,1,6810.27839
-50.0,1,6811.413327
-50.0,1,6811.413432
-50.0,1,6812.533991
-50.0,1,6812.534054
-50.0,1,6814.263305
-35.0,2,6815.390119
-50.0,1,6815.390179
-50.0,1,6817.111293
-38.0,2,6818.245996
-50.0,1,6818.246056
-50.0,1,6820.158462
-50.0,1,6821.862754
-2.0,2,6821.862822
-50.0,1,6823.591217
-32.0,1,6823.591277
-50.0,1,6824.71845
-50.0,1,6824.718516
-50.0,1,6826.7172
-50.0,1,6827.787539
-44.0,2,6827.7876
-50.0,1,6828.911277
-50.0,1,6828.911338
-50.0,1,6830.005019
-50.0,1,6830.005079
-50.0,1,6831.178353
-50.0,1,6831.17841
-50.0,1,6832.351261
-50.0,1,6832.351376
-50.0,1,6833.487746
-50.0,1,6833.487803
-50.0,1,6834.577052
-50.0,1,6834.577111
-32.0,1,6836.356065
-50.0,1,6836.356122
-50.0,1,6837.566067
-50.0,1,6837.566133
-50.0,1,6838.795591
-50.0,1,6838.795649
-50.0,1,6839.987702
-50.0,1,6839.987824
-50.0,1,6841.280337
-50.0,1,6841.280399
-50.0,1,6842.492072
-50.0,1,6842.49213
-50.0,1,6843.713735
-50.0,1,6843.713788
-50.0,1,6844.957098
-50.0,1,6844.957154
-50.0,1,6846.132474
-50.0,1,6846.13253
-50.0,1,6848.21001
-50.0,1,6849.282287
-44.0,2,6849.282343
-50.0,1,6850.44555
-50.0,1,6850.445616
-50.0,1,6851.670232
-50.0,1,6851.67029
-50.0,1,6852.810211
-50.0,1,6852.810271
-50.0,1,6854.534851
-35.0,2,6855.616683
-50.0,1,6855.616736
-50.0,1,6856.690189
-50.0,1,6856.690246
-50.0,1,6857.792285
-50.0,1,6857.792341
-50.0,1,6858.86023
-50.0,1,6858.860289
-50.0,1,6860.976933
-44.0,2,6861.975006
-50.0,1,6861.975063
-50.0,1,6863.815359
-35.0,1,6863.815418
-32.0,1,6865.407729
-50.0,1,6865.407793
-50.0,1,6867.013592
-32.0,1,6867.013649
-50.0,1,6868.082248
-50.0,1,6868.082304
-50.0,1,6869.162318
-50.0,1,6869.162379
-50.0,1,6870.237135
-50.0,1,6870.237198
-50.0,1,6871.372636
-50.0,1,6871.3727
-50.0,1,6873.634779
-50.0,1,6873.63487
-50.0,1,6876.072199
-50.0,1,6876.072309
-50.0,1,6879.753475
-50.0,1,6880.900633
-44.0,2,6880.900707
-29.0,1,6883.744403
-50.0,1,6883.744459
-50.0,1,6887.552022
-50.0,1,6889.763569
-44.0,2,6889.763676
-50.0,1,6891.987482
-50.0,1,6891.987599
-50.0,1,6894.43592
-50.0,1,6894.436071
-50.0,1,6896.604987
-50.0,1,6896.605052
-50.0,1,6897.792842
-50.0,1,6897.792896
-50.0,1,6899.014185
-50.0,1,6899.014251
-50.0,1,6900.279761
-50.0,1,6900.279821
-50.0,1,6901.491574
-50.0,1,6901.491632
-32.0,1,6903.37897
-50.0,1,6903.379026
-50.0,1,6904.56202
-50.0,1,6904.562078
-50.0,1,6906.64375
-50.0,1,6907.704844
-44.0,2,6907.704901
-50.0,1,6909.709999
-35.0,2,6911.66911
-50.0,1,6912.756346
-44.0,2,6912.756403
-32.0,1,6915.836292
-2.0,2,6918.722332
-50.0,1,6918.722447
-29.0,1,6922.062036
-50.0,1,6922.062145
-50.0,1,6924.986434
-29.0,1,6924.986524
-50.0,1,6927.390887
-50.0,1,6927.391011
-32.0,1,6929.930082
-50.0,1,6929.930179
-50.0,1,6932.577167
-32.0,1,6932.577293
-50.0,1,6934.97257
-50.0,1,6934.972692
-50.0,1,6936.16104
-50.0,1,6936.161097
-50.0,1,6937.824029
-29.0,1,6937.824088
-50.0,1,6938.968951
-50.0,1,6938.969028
-50.0,1,6940.205807
-50.0,1,6940.205884
-50.0,1,6941.352934
-50.0,1,6941.352999
-50.0,1,6943.065942
-38.0,2,6944.785858
-35.0,2,6946.803201
-44.0,2,6947.922959
-50.0,1,6947.923018
-32.0,1,6949.656849
-50.0,1,6949.656908
-50.0,1,6951.959435
-44.0,2,6954.291488
-44.0,2,6955.391499
-50.0,1,6955.391552
-50.0,1,6956.576126
-50.0,1,6956.576182
-50.0,1,6958.470967
-50.0,1,6960.193274
-2.0,2,6960.19333
-50.0,1,6961.970177
-32.0,1,6961.970244
-50.0,1,6963.156293
-50.0,1,6963.156349
-50.0,1,6964.351671
-50.0,1,6964.351729
-50.0,1,6965.449699
-50.0,1,6965.449759
-50.0,1,6966.575097
-50.0,1,6966.575168
-50.0,1,6968.251167
-32.0,1,6968.251225
-50.0,1,6969.367695
-50.0,1,6969.367755
-50.0,1,6970.493172
-50.0,1,6970.493228
-50.0,1,6971.652159
-50.0,1,6971.652214
-50.0,1,6972.80811
-50.0,1,6972.808168
-50.0,1,6974.530594
-32.0,1,6976.282875
-35.0,2,6976.28294
-50.0,1,6978.046951
-50.0,1,6979.137735
-38.0,2,6979.137796
-50.0,1,6981.150566
-50.0,1,6982.218668
-44.0,2,6982.21873
-50.0,1,6983.338086
-50.0,1,6983.338145
-50.0,1,6984.456066
-50.0,1,6984.456127
-29.0,1,6986.710928
-32.0,1,6986.710985
-50.0,1,6987.863335
-50.0,1,6987.863397
-50.0,1,6989.606239
-32.0,1,6989.606297
-50.0,1,6990.745664
-50.0,1,6990.745721
-50.0,1,6991.917106
-50.0,1,6991.917176
-50.0,1,6993.109871
-50.0,1,6993.10995
-50.0,1,6995.473374
-50.0,1,6995.473485
-50.0,1,6998.0598
-50.0,1,6998.059914
-35.0,1,7001.551675
-50.0,1,7001.551733
-32.0,1,7003.81396
-35.0,2,7004.96141
-50.0,1,7004.961467
-32.0,1,7007.300797
-32.0,1,7007.300857
-50.0,1,7008.423937
-50.0,1,7008.423996
-50.0,1,7010.470818
-44.0,2,7011.614849
-50.0,1,7011.61492
-50.0,1,7013.322854
-29.0,1,7014.996398
-38.0,2,7014.996465
-50.0,1,7017.003556
-35.0,1,7017.003612
-50.0,1,7018.108484
-50.0,1,7018.108557
-50.0,1,7019.204845
-50.0,1,7019.204902
-50.0,1,7020.371581
-50.0,1,7020.371643
-50.0,1,7021.566657
-50.0,1,7021.566721
-32.0,1,7024.037186
-2.0,2,7025.75527
-50.0,1,7025.75533
-32.0,1,7027.559505
-50.0,1,7027.55957
-50.0,1,7028.748408
-50.0,1,7028.748468
-50.0,1,7029.939209
-50.0,1,7029.939269
-50.0,1,7031.153131
-50.0,1,7031.153189
-50.0,1,7033.068932
-32.0,1,7033.068993
-50.0,1,7034.266792
-50.0,1,7034.266849
-50.0,1,7036.131809
-50.0,1,7037.804052
-2.0,2,7037.804109
-50.0,2,7042.970144
-2.0,2,7042.970204
-50.0,1,7044.123537
-50.0,1,7044.123592
-35.0,2,7048.664695
-50.0,2,7048.664762
-50.0,1,7050.427866
-38.0,2,7052.259742
-50.0,1,7053.896735
-2.0,2,7053.896793
-50.0,1,7055.755527
-50.0,1,7057.485791
-2.0,2,7057.485849
-50.0,1,7059.626604
-50.0,1,7060.780298
-44.0,2,7060.780359
-50.0,1,7061.975167
-50.0,1,7061.975224
-50.0,1,7063.833494
-32.0,1,7063.833566
-50.0,1,7065.031716
-50.0,1,7065.031775
-50.0,1,7066.230373
-50.0,1,7066.23043
-32.0,1,7068.764848
-32.0,1,7068.764907
-50.0,1,7069.961479
-50.0,1,7069.961534
-50.0,1,7071.161886
-50.0,1,7071.161942
-50.0,1,7073.524878
-32.0,1,7073.524991
-50.0,1,7075.705305
-50.0,1,7075.705378
-50.0,1,7077.424614
-50.0,1,7078.494036
-35.0,2,7078.494093
-50.0,1,7080.147338
-38.0,2,7081.126447
-50.0,1,7081.126505
-50.0,1,7082.359549
-50.0,1,7082.359609
-32.0,1,7084.18816
-50.0,1,7084.188218
-50.0,1,7086.521493
-32.0,1,7086.521556
-32.0,1,7088.89574
-50.0,1,7088.895844
-50.0,1,7090.432203
-50.0,1,7090.432297
-50.0,1,7091.962386
-50.0,1,7091.962442
-50.0,1,7093.147934
-50.0,1,7093.147989
-50.0,1,7094.511564
-50.0,1,7094.511649
-50.0,1,7097.530331
-50.0,1,7099.130384
-47.0,2,7099.130588
-29.0,1,7102.343914
-32.0,1,7102.344027
-50.0,1,7103.465888
-50.0,1,7103.465944
-50.0,1,7104.577021
-50.0,1,7104.577086
-50.0,1,7105.65616
-50.0,1,7105.656219
-50.0,1,7107.361913
-32.0,1,7107.36197
-50.0,1,7108.510053
-50.0,1,7108.510115
-50.0,1,7109.761697
-50.0,1,7109.761769
-50.0,1,7110.982841
-50.0,1,7110.982902
-50.0,1,7112.203609
-50.0,1,7112.203665
-50.0,1,7113.399055
-50.0,1,7113.399117
-50.0,1,7115.715376
-44.0,2,7117.846097
-32.0,1,7117.846184
-50.0,1,7119.796159
-50.0,1,7119.796265
-50.0,1,7121.775064
-50.0,1,7121.775168
-50.0,1,7124.111565
-32.0,1,7124.111695
-50.0,1,7126.433636
-50.0,1,7126.433774
-50.0,1,7128.64564
-50.0,1,7128.645724
-50.0,1,7130.332219
-50.0,1,7130.332313
-50.0,1,7131.530176
-50.0,1,7131.530239
-50.0,1,7132.680514
-50.0,1,7132.680565
-50.0,1,7133.863756
-50.0,1,7133.863826
-50.0,1,7135.056142
-50.0,1,7135.056197
-50.0,1,7136.262092
-50.0,1,7136.262152
-32.0,1,7138.041326
-50.0,1,7138.041385
-50.0,1,7139.235589
-50.0,1,7139.235646
-32.0,1,7141.171077
-50.0,1,7141.171136
-50.0,1,7142.359629
-50.0,1,7142.359695
-32.0,1,7144.134112
-50.0,1,7144.134168
-50.0,1,7145.978573
-32.0,1,7145.978636
-32.0,1,7147.668234
-50.0,1,7147.668291
-50.0,1,7149.167219
-50.0,1,7149.167338
-50.0,1,7151.572463
-50.0,1,7151.572563
-50.0,1,7154.046803
-50.0,1,7154.046918
-5.0,1,7157.689943
-50.0,1,7157.689996
-50.0,1,7159.875772
-44.0,2,7161.811784
-35.0,2,7163.429901
-32.0,1,7163.429963
-32.0,1,7165.089206
-50.0,1,7165.089265
-50.0,1,7166.19712
-50.0,1,7166.197183
-50.0,1,7167.976725
-38.0,2,7169.080356
-50.0,1,7169.080413
-50.0,1,7171.495519
-47.0,2,7172.600772
-50.0,1,7172.600831
-50.0,1,7174.350599
-32.0,1,7174.350657
-50.0,1,7175.528743
-50.0,1,7175.5288
-50.0,1,7176.739897
-50.0,1,7176.739956
-50.0,1,7179.078547
-44.0,2,7180.201584
-50.0,1,7180.201658
-50.0,1,7182.091594
-50.0,1,7183.76564
-2.0,2,7183.765697
-32.0,1,7185.572321
-50.0,1,7185.57238
-50.0,1,7186.764141
-50.0,1,7186.764198
-50.0,1,7187.929156
-50.0,1,7187.929217
-50.0,1,7189.105305
-50.0,1,7189.105363
-50.0,1,7190.24108
-50.0,1,7190.241139
-50.0,1,7192.667786
-32.0,1,7194.317993
-47.0,2,7194.318052
-50.0,1,7196.066129
-32.0,1,7196.066201
-50.0,1,7197.204462
-50.0,1,7197.204531
-50.0,1,7198.319404
-50.0,1,7198.319463
-50.0,1,7199.448458
-50.0,1,7199.448518
-50.0,1,7201.453023
-50.0,1,7202.549015
-44.0,2,7202.549086
-32.0,1,7204.745498
-32.0,1,7204.745553
-50.0,1,7205.837538
-50.0,1,7205.837601
-50.0,1,7207.006482
-50.0,1,7207.00654
-50.0,1,7209.340463
-50.0,1,7210.397855
-44.0,2,7210.397911
-50.0,1,7211.622947
-50.0,1,7211.623004
-50.0,1,7213.833378
-32.0,1,7215.54563
-44.0,2,7215.545693
-50.0,1,7217.265729
-50.0,1,7218.311141
-41.0,2,7218.311198
-50.0,1,7219.461919
-50.0,1,7219.461976
-50.0,1,7221.489218
-44.0,2,7223.141866
-32.0,1,7223.141923
-50.0,1,7224.262885
-50.0,1,7224.262945
-50.0,1,7226.004575
-35.0,2,7227.113994
-50.0,1,7227.114062
-50.0,1,7228.197285
-50.0,1,7228.197347
-50.0,1,7230.003458
-38.0,2,7231.136351
-50.0,1,7231.13641
-32.0,1,7233.462622
-32.0,1,7233.462687
-50.0,1,7234.548703
-50.0,1,7234.548761
-50.0,1,7235.659956
-50.0,1,7235.66002
-50.0,1,7236.743664
-50.0,1,7236.743721
-32.0,1,7238.623243
-50.0,1,7238.623308
-50.0,1,7240.361927
-29.0,1,7240.361984
-50.0,1,7241.547752
-50.0,1,7241.547812
-50.0,1,7243.832735
-50.0,1,7243.83282
-50.0,1,7245.968991
-50.0,1,7247.157631
-35.0,2,7247.157694
-50.0,1,7249.023452
-32.0,1,7249.02351
-50.0,1,7250.203608
-50.0,1,7250.203671
-32.0,1,7252.673154
-2.0,2,7254.386381
-50.0,1,7254.386439
-50.0,1,7255.580587
-50.0,1,7255.580646
-50.0,1,7258.040518
-38.0,1,7258.040575
-32.0,1,7259.868951
-50.0,1,7259.869008
-50.0,1,7261.064906
-50.0,1,7261.064964
-50.0,1,7262.251251
-50.0,1,7262.251309
-50.0,1,7263.431343
-50.0,1,7263.431402
-50.0,1,7265.344141
-38.0,2,7267.6265
-44.0,2,7268.784489
-50.0,1,7268.784547
-50.0,1,7269.946914
-50.0,1,7269.946973
-50.0,1,7271.112787
-50.0,1,7271.112841
-50.0,1,7272.310764
-50.0,1,7272.310822
-50.0,1,7273.468324
-50.0,1,7273.468383
-50.0,1,7274.630421
-50.0,1,7274.630477
-50.0,1,7275.786405
-50.0,1,7275.786464
-50.0,1,7276.949011
-50.0,1,7276.949072
-50.0,1,7278.745016
-32.0,1,7278.745075
-50.0,1,7279.909814
-50.0,1,7279.909868
-50.0,1,7281.073516
-50.0,1,7281.073573
-50.0,1,7282.288794
-50.0,1,7282.288852
-50.0,1,7284.631494
-38.0,1,7284.6316
-50.0,1,7286.561968
-50.0,1,7288.310809
-2.0,2,7288.310865
-50.0,1,7289.522504
-50.0,1,7289.522562
-50.0,1,7290.731383
-50.0,1,7290.73144
-50.0,1,7291.947143
-50.0,1,7291.9472
-32.0,1,7293.776705
-50.0,1,7293.776761
-50.0,1,7294.979524
-50.0,1,7294.979591
-50.0,1,7296.850912
-32.0,1,7296.850967
-50.0,1,7298.052944
-50.0,1,7298.053016
-50.0,1,7299.260615
-50.0,1,7299.260676
-50.0,1,7300.471624
-50.0,1,7300.471684
-50.0,1,7301.676839
-50.0,1,7301.676903
-50.0,1,7302.867821
-50.0,1,7302.86789
-50.0,1,7303.973963
-50.0,1,7303.97402
-50.0,1,7305.056579
-50.0,1,7305.056646
-50.0,1,7306.139647
-50.0,1,7306.139706
-50.0,1,7307.227269
-50.0,1,7307.227329
-50.0,1,7308.385659
-50.0,1,7308.385717
-50.0,1,7310.23202
-32.0,1,7310.232078
-32.0,1,7312.035846
-50.0,1,7312.035908
-50.0,1,7314.069182
-50.0,1,7315.205318
-44.0,2,7315.205391
-50.0,1,7316.851359
-32.0,1,7316.851418
-50.0,1,7318.018431
-50.0,1,7318.018492
-50.0,1,7319.151298
-50.0,1,7319.151365
-32.0,1,7321.482698
-32.0,1,7321.482754
-50.0,1,7323.059375
-50.0,1,7323.059481
-50.0,1,7325.299696
-50.0,1,7325.299757
-50.0,1,7330.365351
-50.0,2,7332.238259
-50.0,1,7332.238375
-32.0,1,7333.900654
-50.0,1,7333.90071
-50.0,1,7335.003498
-50.0,1,7335.003554
-50.0,1,7336.081014
-50.0,1,7336.081072
-50.0,1,7337.172782
-50.0,1,7337.172842
-32.0,1,7339.571101
-38.0,2,7340.6844
-50.0,1,7340.684456
-50.0,1,7341.867827
-50.0,1,7341.86789
-50.0,1,7343.725624
-2.0,2,7345.332619
-50.0,1,7345.332672
-50.0,1,7346.471547
-50.0,1,7346.471603
-32.0,1,7348.133188
-50.0,1,7348.133281
-50.0,1,7349.263042
-50.0,1,7349.263102
-50.0,1,7351.098773
-50.0,1,7352.244314
-38.0,2,7352.244383
-50.0,1,7353.374426
-50.0,1,7353.374483
-50.0,1,7354.482783
-50.0,1,7354.482843
-50.0,1,7356.200776
-32.0,1,7356.200831
-32.0,1,7357.909538
-50.0,1,7357.909596
-50.0,1,7358.98673
-50.0,1,7358.986796
-50.0,1,7361.426068
-50.0,1,7361.426191
-50.0,1,7363.868823
-50.0,1,7363.868883
-32.0,1,7366.793278
-44.0,2,7367.994993
-50.0,1,7367.995051
-50.0,1,7369.200459
-50.0,1,7369.200535
-50.0,1,7370.409391
-50.0,1,7370.409447
-50.0,1,7371.608146
-50.0,1,7371.608209
-50.0,1,7372.80987
-50.0,1,7372.809926
-50.0,1,7374.011251
-50.0,1,7374.011311
-35.0,2,7378.177772
-44.0,2,7378.177834
-35.0,1,7381.622848
-50.0,1,7381.622952
-50.0,1,7383.580945
-50.0,1,7383.581003
-50.0,1,7384.649178
-50.0,1,7384.649238
-50.0,1,7385.932457
-50.0,1,7385.932572
-50.0,1,7387.813649
-50.0,1,7387.813763
-50.0,1,7389.149935
-50.0,1,7389.149992
-2.0,2,7395.456239
-8.0,2,7395.456296
-50.0,1,7396.569523
-50.0,1,7396.569583
-50.0,1,7397.686318
-50.0,1,7397.686384
-50.0,1,7399.397127
-35.0,2,7401.211704
-2.0,2,7402.829025
-50.0,1,7402.829089
-32.0,1,7405.191129
-50.0,1,7405.191258
-50.0,1,7407.2954
-50.0,1,7407.295507
-44.0,2,7411.029248
-35.0,2,7411.02931
-50.0,1,7412.162743
-50.0,1,7412.162802
-50.0,1,7413.877719
-29.0,1,7413.877777
-50.0,1,7414.99828
-50.0,1,7414.998346
-32.0,1,7416.678461
-50.0,1,7416.67852
-50.0,1,7417.80154
-50.0,1,7417.801599
-32.0,1,7419.490814
-50.0,1,7419.490874
-50.0,1,7420.633097
-50.0,1,7420.633153
-50.0,1,7421.760123
-50.0,1,7421.76019
-50.0,1,7423.799614
-44.0,2,7424.840171
-50.0,1,7424.840232
-50.0,1,7425.951975
-50.0,1,7425.952034
-41.0,2,7429.982316
-44.0,2,7429.982372
-35.0,1,7432.039534
-50.0,1,7432.03959
-50.0,1,7433.431366
-50.0,1,7433.431439
-50.0,1,7435.548026
-50.0,1,7435.548092
-50.0,1,7437.663642
-32.0,1,7437.663728
-50.0,1,7439.499501
-50.0,1,7439.499608
-50.0,1,7441.804721
-8.0,2,7444.093299
-32.0,1,7444.093361
-32.0,1,7445.93212
-50.0,1,7445.932177
-50.0,1,7447.668293
-50.0,1,7447.668359
-50.0,1,7448.829278
-50.0,1,7448.829332
-50.0,1,7452.800254
-35.0,1,7452.800385
-50.0,1,7454.994671
-50.0,1,7456.081211
-38.0,2,7456.081268
-50.0,1,7457.241165
-50.0,1,7457.241221
-50.0,1,7458.988911
-50.0,1,7460.112129
-38.0,2,7460.112186
-50.0,1,7461.867728
-38.0,2,7462.951106
-50.0,1,7462.951165
-50.0,1,7464.897215
-44.0,2,7465.945864
-50.0,1,7465.945921
-50.0,1,7467.022904
-50.0,1,7467.022959
-50.0,1,7468.163865
-50.0,1,7468.163928
-50.0,1,7469.321897
-50.0,1,7469.321954
-32.0,1,7470.924914
-50.0,1,7470.924984
-50.0,1,7472.403219
-50.0,1,7472.403331
-50.0,1,7474.779008
-50.0,1,7474.779121
-29.0,1,7477.397398
-50.0,1,7477.397513
-50.0,1,7479.703931
-50.0,1,7479.70404
-50.0,1,7481.765937
-50.0,1,7481.765996
-50.0,1,7483.703937
-2.0,2,7485.420938
-50.0,1,7485.420994
-32.0,1,7487.264647
-50.0,1,7487.264716
-50.0,1,7489.640692
-32.0,1,7489.640803
-29.0,1,7492.127802
-50.0,1,7492.127867
-50.0,1,7494.156911
-32.0,1,7494.15702
-50.0,1,7497.201233
-44.0,2,7498.718687
-50.0,1,7498.718785
-50.0,1,7501.191543
-50.0,1,7501.191627
-50.0,1,7503.754986
-50.0,1,7503.755102
-50.0,1,7505.92239
-35.0,1,7505.922451
-50.0,1,7507.082403
-50.0,1,7507.08247
-50.0,1,7508.256299
-50.0,1,7508.256358
-50.0,1,7509.460886
-50.0,1,7509.460943
-50.0,1,7510.658166
-50.0,1,7510.658226
-50.0,1,7512.528178
-50.0,1,7513.720864
-38.0,2,7513.720925
-50.0,1,7514.930846
-50.0,1,7514.930903
-50.0,1,7516.110818
-50.0,1,7516.110877
-32.0,1,7517.884058
-50.0,1,7517.884113
-50.0,1,7519.105399
-50.0,1,7519.105466
-32.0,1,7521.43101
-32.0,1,7521.43107
-50.0,1,7522.839403
-50.0,1,7522.839516
-50.0,1,7525.373917
-50.0,1,7525.374031
-50.0,1,7527.390594
-50.0,1,7527.390706
-50.0,1,7529.152947
-50.0,1,7529.152999
-50.0,1,7530.371145
-50.0,1,7530.371207
-32.0,1,7532.035858
-50.0,1,7532.035932
-50.0,1,7533.50074
-50.0,1,7533.500797
-50.0,1,7535.029051
-50.0,1,7535.029127
-35.0,1,7537.115927
-50.0,1,7537.115995
-50.0,1,7539.514204
-29.0,1,7539.514312
-32.0,1,7541.552174
-50.0,1,7541.552231
-50.0,1,7542.64445
-50.0,1,7542.644507
-50.0,1,7543.754271
-50.0,1,7543.754332
-50.0,1,7544.878546
-50.0,1,7544.878604
-50.0,1,7546.560591
-29.0,1,7546.560651
-32.0,1,7548.276964
-50.0,1,7548.277024
-50.0,1,7549.926278
-32.0,1,7549.926341
-50.0,1,7551.081166
-50.0,1,7551.081232
-50.0,1,7552.252317
-50.0,1,7552.252373
-50.0,1,7553.395085
-50.0,1,7553.395152
-32.0,1,7555.645824
-38.0,2,7556.781113
-50.0,1,7556.781172
-50.0,1,7557.975624
-50.0,1,7557.975675
-50.0,1,7559.180897
-50.0,1,7559.180954
-50.0,1,7560.387855
-50.0,1,7560.387916
-50.0,1,7562.135241
-32.0,1,7562.135298
-50.0,1,7563.855168
-35.0,2,7565.595286
-50.0,1,7566.738365
-35.0,2,7566.738425
-50.0,1,7570.190256
-50.0,1,7571.385748
-47.0,2,7571.385808
-32.0,1,7573.089704
-50.0,1,7573.089766
-50.0,1,7575.379536
-44.0,2,7577.132788
-35.0,2,7578.810605
-32.0,1,7578.810665
-50.0,1,7580.547956
-38.0,2,7581.714289
-50.0,1,7581.714348
-32.0,1,7583.360774
-50.0,1,7583.360832
-50.0,1,7584.452479
-50.0,1,7584.452535
-50.0,1,7586.432846
-50.0,1,7586.432902
-50.0,1,7588.351605
-50.0,1,7588.351686
-50.0,1,7591.450295
-35.0,2,7593.865695
-50.0,1,7593.865808
-50.0,1,7596.153447
-5.0,2,7598.799395
-44.0,2,7600.69495
-35.0,2,7601.910913
-50.0,1,7601.910976
-50.0,1,7603.760298
-32.0,1,7603.760355
-50.0,1,7605.044533
-50.0,1,7605.044601
-32.0,1,7607.829658
-5.0,2,7609.700735
-50.0,1,7609.700828
-50.0,1,7612.516261
-50.0,1,7613.88892
-44.0,2,7613.888975
-50.0,1,7615.236912
-50.0,1,7615.236967
-32.0,1,7618.093884
-50.0,1,7618.093967
-29.0,1,7621.063435
-50.0,1,7621.063537
-50.0,1,7623.159233
-50.0,1,7623.159346
-50.0,1,7626.414794
-35.0,2,7628.699448
-32.0,1,7628.699507
-35.0,1,7631.601918
-50.0,1,7631.602016
-50.0,1,7634.073453
-50.0,1,7634.073608
-32.0,1,7637.111687
-50.0,1,7637.111799
-50.0,1,7639.616978
-50.0,1,7639.617092
-29.0,1,7641.875032
-50.0,1,7641.875094
-50.0,1,7643.006368
-50.0,1,7643.006429
-50.0,1,7644.741812
-32.0,1,7644.741867
-50.0,1,7645.859686
-50.0,1,7645.85975
-50.0,1,7647.722044
-38.0,2,7648.861798
-50.0,1,7648.861857
-32.0,1,7651.221928
-50.0,1,7652.861266
-2.0,2,7652.861325
-50.0,1,7654.829623
-50.0,1,7655.924654
-44.0,2,7655.924714
-32.0,1,7657.621586
-50.0,1,7657.621643
-50.0,1,7658.74241
-50.0,1,7658.742465
-50.0,1,7659.837543
-50.0,1,7659.8376
-50.0,1,7661.588597
-32.0,1,7663.342755
-35.0,2,7663.342811
-50.0,1,7665.209903
-50.0,1,7667.002465
-2.0,2,7667.002526
-50.0,1,7669.142741
-32.0,1,7669.142818
-50.0,1,7670.517986
-50.0,1,7670.518058
-50.0,1,7671.73452
-50.0,1,7671.734586
-50.0,1,7672.986498
-50.0,1,7672.986557
-50.0,1,7675.23319
-35.0,1,7675.233262
-50.0,1,7676.543734
-50.0,1,7676.543789
-50.0,1,7677.848356
-50.0,1,7677.848418
-50.0,1,7679.037572
-50.0,1,7679.03763
-50.0,1,7680.251833
-50.0,1,7680.251909
-32.0,1,7681.992194
-50.0,1,7681.992259
-50.0,1,7683.924798
-32.0,1,7683.924913
-50.0,1,7685.695022
-50.0,1,7685.695087
-50.0,1,7688.231624
-50.0,1,7689.271219
-47.0,2,7689.271279
-50.0,1,7690.4384
-50.0,1,7690.438465
-50.0,1,7691.775964
-50.0,1,7691.776029
-50.0,1,7692.893476
-50.0,1,7692.893536
-50.0,1,7694.070266
-50.0,1,7694.07039
-50.0,1,7695.180472
-50.0,1,7695.180562
-50.0,1,7696.910587
-29.0,1,7696.91065
-50.0,1,7698.128869
-50.0,1,7698.128944
-50.0,1,7701.27706
-47.0,2,7702.393895
-50.0,1,7702.39395
-50.0,1,7704.278122
-32.0,1,7704.278181
-50.0,1,7706.304966
-44.0,2,7707.421272
-50.0,1,7707.421334
-50.0,1,7710.048366
-50.0,2,7711.283097
-50.0,1,7711.283156
-50.0,1,7713.057437
-35.0,2,7715.0876
-35.0,1,7715.087661
-50.0,1,7717.334419
-41.0,2,7718.441536
-50.0,1,7718.441595
-50.0,1,7719.614816
-50.0,1,7719.614874
-32.0,1,7722.001958
-50.0,1,7723.155284
-38.0,2,7723.155342
-32.0,1,7725.991065
-50.0,1,7725.991158
-50.0,1,7728.319781
-50.0,1,7728.31986
-50.0,1,7729.599328
-50.0,1,7729.59939
-50.0,1,7730.998419
-50.0,1,7730.998475
-50.0,1,7732.194402
-50.0,1,7732.194464
-50.0,1,7733.982278
-32.0,1,7733.982339
-50.0,1,7735.19864
-50.0,1,7735.198693
-50.0,1,7736.408935
-50.0,1,7736.408991
-50.0,1,7737.617722
-50.0,1,7737.617785
-50.0,1,7739.40027
-32.0,1,7739.400348
-50.0,1,7740.59733
-50.0,1,7740.597386
-50.0,1,7741.809948
-50.0,1,7741.810008
-32.0,1,7743.631594
-50.0,1,7743.631653
-50.0,1,7744.825785
-50.0,1,7744.825846
-50.0,1,7746.608558
-32.0,1,7746.608624
-50.0,1,7747.794156
-50.0,1,7747.794214
-50.0,1,7748.994073
-50.0,1,7748.994137
-50.0,1,7750.180012
-50.0,1,7750.18006
-50.0,1,7751.266217
-50.0,1,7751.266274
-50.0,1,7752.365224
-50.0,1,7752.365285
-50.0,1,7754.208565
-35.0,1,7754.208618
-32.0,1,7756.13613
-50.0,1,7756.136189
-50.0,1,7757.401417
-50.0,1,7757.401479
-32.0,1,7759.626997
-50.0,1,7759.627101
-50.0,1,7762.252137
-47.0,2,7764.502315
-44.0,2,7766.44495
-38.0,2,7768.412477
-41.0,2,7770.306399
-32.0,1,7770.30646
-50.0,1,7771.532897
-50.0,1,7771.532954
-50.0,1,7772.777001
-50.0,1,7772.777062
-50.0,1,7774.675905
-32.0,1,7774.675963
-29.0,1,7776.357705
-50.0,1,7776.357762
-50.0,1,7777.518291
-50.0,1,7777.518349
-50.0,1,7778.787528
-50.0,1,7778.787583
-50.0,1,7780.877529
-50.0,1,7780.877617
-50.0,1,7782.386076
-50.0,1,7782.386134
-50.0,1,7783.70028
-50.0,1,7783.700343
-50.0,1,7786.04978
-50.0,1,7786.049891
-50.0,1,7788.617519
-35.0,1,7788.617594
-29.0,1,7791.60074
-50.0,1,7791.600847
-50.0,1,7794.076556
-50.0,1,7795.222516
-44.0,2,7795.222575
-50.0,1,7796.431699
-50.0,1,7796.431762
-50.0,1,7798.428257
-32.0,1,7798.428313
-50.0,1,7799.652055
-50.0,1,7799.652133
-50.0,1,7801.501766
-32.0,1,7801.501822
-50.0,1,7802.717401
-50.0,1,7802.717464
-50.0,1,7803.938181
-50.0,1,7803.93824
-50.0,1,7805.154294
-50.0,1,7805.154357
-50.0,1,7806.367469
-50.0,1,7806.367544
-50.0,1,7807.554329
-50.0,1,7807.554395
-50.0,1,7808.747974
-50.0,1,7808.748062
-50.0,1,7809.949094
-50.0,1,7809.949151
-50.0,1,7811.140037
-50.0,1,7811.140093
-50.0,1,7812.261482
-50.0,1,7812.261538
-32.0,1,7813.959949
-50.0,1,7813.960007
-50.0,1,7815.064381
-50.0,1,7815.064437
-50.0,1,7816.168385
-50.0,1,7816.168446
-50.0,1,7817.25535
-50.0,1,7817.255408
-32.0,1,7818.884084
-50.0,1,7818.884144
-50.0,1,7819.975127
-50.0,1,7819.975187
-29.0,1,7821.674258
-50.0,1,7821.674318
-50.0,1,7822.778947
-50.0,1,7822.779005
-50.0,1,7823.867179
-50.0,1,7823.867236
-50.0,1,7826.087349
-50.0,1,7827.121482
-44.0,2,7827.12154
-50.0,1,7828.221043
-50.0,1,7828.221099
-50.0,1,7829.304252
-50.0,1,7829.304315
-32.0,1,7830.963213
-50.0,1,7830.963271
-50.0,1,7832.073846
-50.0,1,7832.073905
-50.0,1,7833.756727
-50.0,1,7834.743062
-35.0,2,7834.74312
-50.0,1,7835.830967
-50.0,1,7835.831024
-50.0,1,7837.452715
-32.0,1,7837.452773
-50.0,1,7838.529494
-50.0,1,7838.529547
-50.0,1,7839.631243
-50.0,1,7839.631305
-50.0,1,7841.233644
-32.0,1,7841.233714
-50.0,1,7842.320529
-50.0,1,7842.320599
-50.0,1,7844.012075
-32.0,1,7844.012136
-50.0,1,7845.074187
-50.0,1,7845.074247
-50.0,1,7846.209307
-50.0,1,7846.209373
-50.0,1,7847.913826
-50.0,1,7847.913906
-50.0,1,7849.823014
-50.0,1,7849.823132
-50.0,1,7851.607997
-50.0,1,7851.608063
-50.0,1,7853.859074
-50.0,1,7853.859187
-32.0,1,7856.076115
-50.0,1,7856.076173
-50.0,1,7857.234985
-50.0,1,7857.23504
-32.0,1,7859.719239
-50.0,1,7859.719311
-50.0,1,7861.205138
-50.0,1,7861.205195
-50.0,1,7862.566737
-50.0,1,7862.566797
-50.0,1,7864.309943
-32.0,1,7864.310001
-50.0,1,7865.693041
-50.0,1,7865.693134
-50.0,1,7868.009002
-50.0,1,7868.009116
-50.0,1,7869.669925
-50.0,1,7869.669987
-50.0,1,7871.386781
-32.0,1,7871.386858
-50.0,1,7873.064385
-50.0,1,7873.064438
-50.0,1,7874.177327
-50.0,1,7874.177384
-50.0,1,7875.298044
-50.0,1,7875.298104
-50.0,1,7877.307189
-44.0,2,7878.935819
-32.0,1,7878.935876
-50.0,1,7880.041693
-50.0,1,7880.04175
-50.0,1,7882.049999
-35.0,2,7883.078814
-50.0,1,7883.078871
-26.0,1,7884.476477
-50.0,1,7884.476536
-32.0,1,7886.369021
-50.0,1,7886.369078
-50.0,1,7887.521603
-50.0,1,7887.521665
-50.0,1,7889.131148
-32.0,1,7889.1312
-50.0,1,7890.228956
-50.0,1,7890.229017
-50.0,1,7891.335707
-50.0,1,7891.335763
-50.0,1,7892.41404
-50.0,1,7892.414098
-50.0,1,7893.501375
-50.0,1,7893.501437
-50.0,1,7894.584886
-50.0,1,7894.584944
-50.0,1,7896.238408
-29.0,1,7896.238465
-50.0,1,7897.376496
-50.0,1,7897.376552
-50.0,1,7899.545615
-44.0,2,7901.266103
-32.0,1,7901.26617
-50.0,1,7902.354671
-50.0,1,7902.354729
-50.0,1,7904.062596
-35.0,2,7905.175308
-50.0,1,7905.175367
-50.0,1,7906.516973
-50.0,1,7906.517038
-32.0,1,7908.267385
-50.0,1,7908.267467
-50.0,1,7909.443913
-50.0,1,7909.44397
-50.0,1,7910.617681
-50.0,1,7910.617752
-50.0,1,7911.790279
-50.0,1,7911.790339
-50.0,1,7912.970134
-50.0,1,7912.970197
-50.0,1,7914.1407
-50.0,1,7914.140758
-32.0,1,7916.783434
-44.0,2,7917.869116
-50.0,1,7917.869175
-50.0,1,7919.038731
-50.0,1,7919.038788
-32.0,1,7921.703285
-44.0,2,7922.848314
-50.0,1,7922.84837
-50.0,1,7924.026414
-50.0,1,7924.026474
-50.0,1,7925.179995
-50.0,1,7925.180057
-50.0,1,7927.243204
-44.0,2,7928.339101
-50.0,1,7928.339159
-50.0,1,7929.480794
-50.0,1,7929.48085
-50.0,1,7930.620008
-50.0,1,7930.62009
-50.0,1,7931.772915
-50.0,1,7931.772973
-50.0,1,7932.906852
-50.0,1,7932.906916
-50.0,1,7934.603229
-50.0,1,7935.607829
-35.0,2,7935.607896
-50.0,1,7936.711231
-50.0,1,7936.711287
-50.0,1,7938.824629
-50.0,1,7939.937153
-41.0,2,7939.937212
-50.0,1,7941.844569
-32.0,1,7943.60232
-35.0,2,7943.602378
-50.0,1,7945.357498
-32.0,1,7945.357556
-50.0,1,7946.503786
-50.0,1,7946.503844
-32.0,1,7948.791619
-32.0,1,7948.791679
-50.0,1,7949.945563
-50.0,1,7949.945619
-50.0,1,7951.082218
-50.0,1,7951.082282
-50.0,1,7952.229068
-50.0,1,7952.229132
-50.0,1,7954.087358
-50.0,1,7955.222023
-38.0,2,7955.222082
-50.0,1,7956.354982
-50.0,1,7956.355039
-50.0,1,7957.499587
-50.0,1,7957.499645
-50.0,1,7959.261961
-32.0,1,7959.262021
-50.0,1,7960.40321
-50.0,1,7960.403267
-50.0,1,7962.437976
-44.0,2,7963.501226
-50.0,1,7963.501283
-50.0,1,7964.598491
-50.0,1,7964.598547
-29.0,1,7966.27869
-50.0,1,7966.278748
-50.0,1,7967.390388
-50.0,1,7967.390445
-50.0,1,7968.547386
-50.0,1,7968.547446
-50.0,1,7969.679676
-50.0,1,7969.679737
-50.0,1,7970.805879
-50.0,1,7970.805933
-50.0,1,7971.933357
-50.0,1,7971.933413
-50.0,1,7973.059116
-50.0,1,7973.059176
-50.0,1,7974.809339
-32.0,1,7974.809397
-32.0,1,7976.490287
-50.0,1,7976.490342
-50.0,1,7977.638807
-50.0,1,7977.638857
-50.0,1,7978.764818
-50.0,1,7978.764876
-50.0,1,7979.906998
-50.0,1,7979.907058
-32.0,1,7982.994857
-47.0,2,7984.144185
-50.0,1,7984.144242
-50.0,1,7985.291883
-50.0,1,7985.29194
-32.0,1,7987.047251
-50.0,1,7987.047309
-50.0,1,7988.201138
-50.0,1,7988.201201
-50.0,1,7989.338884
-50.0,1,7989.338948
-50.0,1,7990.559943
-50.0,1,7990.560025
-50.0,1,7991.842113
-50.0,1,7991.842173
-50.0,1,7993.594543
-50.0,1,7994.731126
-38.0,2,7994.731185
-50.0,1,7996.609685
-32.0,1,7996.609743
-50.0,1,7997.727129
-50.0,1,7997.727186
-50.0,1,7998.876896
-50.0,1,7998.876955
-50.0,1,8000.016062
-50.0,1,8000.016124
-50.0,1,8001.819298
-50.0,1,8003.466265
-2.0,2,8003.466323
-50.0,1,8005.455461
-50.0,1,8008.206801
-2.0,2,8008.206916
-50.0,1,8010.657867
-32.0,1,8010.657941
-32.0,1,8012.430391
-50.0,1,8012.430448
-50.0,1,8013.572742
-50.0,1,8013.572804
-50.0,1,8014.744621
-50.0,1,8014.744684
-50.0,1,8016.594382
-32.0,1,8016.594448
-50.0,1,8017.765934
-50.0,1,8017.766
-50.0,1,8018.928215
-50.0,1,8018.928279
-50.0,1,8020.087587
-50.0,1,8020.087635
-50.0,1,8021.230276
-50.0,1,8021.230333
-50.0,1,8022.382014
-50.0,1,8022.382092
-50.0,1,8023.536947
-50.0,1,8023.537007
-50.0,1,8024.696081
-50.0,1,8024.696137
-32.0,1,8027.047413
-38.0,2,8028.175206
-50.0,1,8028.175264
-50.0,1,8029.328207
-50.0,1,8029.328264
-50.0,1,8031.001866
-32.0,1,8031.001924
-50.0,1,8032.090456
-50.0,1,8032.090512
-32.0,1,8034.235447
-32.0,1,8034.235509
-50.0,1,8035.327053
-50.0,1,8035.327118
-50.0,1,8037.125968
-38.0,2,8038.263761
-50.0,1,8038.263817
-50.0,1,8039.439267
-50.0,1,8039.439334
-50.0,1,8040.531857
-50.0,1,8040.531919
-50.0,1,8041.628708
-50.0,1,8041.628766
-50.0,1,8042.706409
-50.0,1,8042.706468
-50.0,1,8043.802775
-50.0,1,8043.802834
-50.0,1,8044.910659
-50.0,1,8044.910717
-50.0,1,8046.601031
-32.0,1,8046.601099
-50.0,1,8047.675933
-50.0,1,8047.675998
-50.0,1,8048.755862
-50.0,1,8048.755924
-50.0,1,8049.847179
-50.0,1,8049.847234
-50.0,1,8051.041049
-50.0,1,8051.041106
-50.0,1,8052.25647
-50.0,1,8052.256526
-50.0,1,8053.481626
-50.0,1,8053.481684
-50.0,1,8054.665965
-50.0,1,8054.666024
-50.0,1,8055.746967
-50.0,1,8055.747024
-50.0,1,8056.849584
-50.0,1,8056.849646
-50.0,1,8057.955106
-50.0,1,8057.955167
-32.0,1,8059.607365
-50.0,1,8059.607424
-50.0,1,8060.701952
-50.0,1,8060.702011
-50.0,1,8062.414506
-38.0,2,8063.501737
-50.0,1,8063.501798
-50.0,1,8064.574983
-50.0,1,8064.575043
-50.0,1,8065.666263
-50.0,1,8065.666323
-50.0,1,8066.752542
-50.0,1,8066.752609
-50.0,1,8067.877763
-50.0,1,8067.87782
-50.0,1,8068.972009
-50.0,1,8068.972063
-50.0,1,8070.054645
-50.0,1,8070.054702
-50.0,1,8071.746388
-50.0,1,8072.723357
-35.0,2,8072.723414
-50.0,1,8073.799939
-50.0,1,8073.799997
-50.0,1,8074.90966
-50.0,1,8074.909718
-32.0,1,8076.563653
-50.0,1,8076.56371
-50.0,1,8077.655229
-50.0,1,8077.655288
-50.0,1,8078.733089
-50.0,1,8078.733147
-50.0,1,8079.889201
-50.0,1,8079.889257
-50.0,1,8081.137028
-50.0,1,8081.137084
-50.0,1,8082.309117
-50.0,1,8082.309174
-50.0,1,8083.485856
-50.0,1,8083.485914
-50.0,1,8085.352461
-2.0,2,8087.05882
-50.0,1,8087.058881
-50.0,1,8088.800395
-32.0,1,8088.800456
-50.0,1,8090.055931
-50.0,1,8090.056042
-32.0,1,8093.017361
-50.0,1,8093.017486
-50.0,1,8095.469199
-50.0,1,8095.469311
-50.0,1,8097.657897
-50.0,1,8097.657956
-50.0,1,8099.877734
-50.0,1,8099.877829
-50.0,1,8101.958618
-50.0,1,8101.958689
-50.0,1,8103.924352
-50.0,1,8103.924411
-50.0,1,8105.074566
-50.0,1,8105.074626
-50.0,1,8106.929414
-50.0,1,8108.575402
-2.0,2,8108.575459
-50.0,1,8110.35482
-2.0,2,8112.732319
-2.0,2,8115.414956
-38.0,1,8115.415017
-50.0,1,8116.544606
-50.0,1,8116.544664
-50.0,1,8117.670275
-50.0,1,8117.670336
-50.0,1,8118.75153
-50.0,1,8118.751592
-50.0,1,8119.855477
-50.0,1,8119.855535
-50.0,1,8121.830632
-50.0,1,8121.830739
-32.0,1,8123.717526
-50.0,1,8123.717593
-50.0,1,8124.784768
-50.0,1,8124.784826
-50.0,1,8125.849549
-50.0,1,8125.849608
-50.0,1,8126.955726
-50.0,1,8126.955783
-50.0,1,8128.11659
-50.0,1,8128.116663
-50.0,1,8129.247169
-50.0,1,8129.247239
-50.0,1,8131.373017
-50.0,1,8131.373075
-50.0,1,8132.468623
-50.0,1,8132.468684
-50.0,1,8134.249544
-38.0,2,8135.416864
-50.0,1,8135.416932
-50.0,1,8137.308214
-50.0,1,8138.467489
-38.0,2,8138.467569
-50.0,1,8140.201268
-50.0,1,8141.212206
-35.0,2,8141.212263
-50.0,1,8143.019636
-38.0,2,8145.43472
-50.0,1,8146.677951
-47.0,2,8146.678002
-50.0,1,8148.57514
-29.0,1,8148.575207
-50.0,1,8149.662704
-50.0,1,8149.662764
-50.0,1,8150.781419
-50.0,1,8150.781485
-29.0,1,8152.454922
-50.0,1,8152.454981
-50.0,1,8153.56465
-50.0,1,8153.564707
-50.0,1,8155.288327
-32.0,1,8155.288385
-50.0,1,8156.420356
-50.0,1,8156.420415
-50.0,1,8157.563256
-50.0,1,8157.563314
-50.0,1,8158.732448
-50.0,1,8158.732507
-50.0,1,8159.855556
-50.0,1,8159.855614
-50.0,1,8161.544228
-32.0,1,8161.544288
-50.0,1,8162.687398
-50.0,1,8162.687457
-32.0,1,8164.442241
-50.0,1,8164.442302
-50.0,1,8166.129113
-32.0,1,8166.129178
-32.0,1,8167.920766
-50.0,1,8167.920826
-50.0,1,8169.043506
-50.0,1,8169.043567
-32.0,1,8172.522439
-50.0,1,8172.522521
-50.0,1,8173.856955
-50.0,1,8173.857015
-50.0,1,8175.859065
-32.0,1,8175.859122
-32.0,1,8177.627499
-50.0,1,8177.627556
-50.0,1,8178.846725
-50.0,1,8178.846784
-50.0,1,8181.688179
-50.0,1,8183.012015
-44.0,2,8183.012082
-50.0,1,8184.830415
-50.0,1,8184.830532
-50.0,1,8186.709981
-50.0,1,8186.710098
-50.0,1,8188.522429
-50.0,1,8188.522493
-29.0,1,8190.893805
-50.0,1,8190.8939
-50.0,1,8192.741505
-50.0,1,8192.74162
-50.0,1,8194.376693
-50.0,1,8194.376745
-50.0,1,8195.741527
-50.0,1,8195.741582
-50.0,1,8197.415933
-50.0,1,8197.416008
-50.0,1,8199.408732
-32.0,1,8199.408788
-50.0,1,8200.739807
-50.0,1,8200.739911
-32.0,1,8204.502114
-50.0,1,8206.650173
-8.0,2,8206.650228
-50.0,1,8208.220081
-50.0,1,8208.220131
-50.0,1,8209.518181
-50.0,1,8209.518297
-50.0,1,8211.019469
-50.0,1,8211.019527
-50.0,1,8212.516581
-50.0,1,8212.516658
-50.0,1,8214.202015
-50.0,1,8214.202089
-50.0,1,8215.842982
-50.0,1,8215.843065
-50.0,1,8217.285252
-50.0,1,8217.285324
-50.0,1,8218.827397
-50.0,1,8218.827459
-50.0,1,8220.228249
-50.0,1,8220.228363
-50.0,1,8222.703429
-32.0,1,8222.703492
-50.0,1,8224.848531
-50.0,1,8224.84864
-50.0,1,8227.449397
-35.0,1,8227.449521
-50.0,1,8229.427164
-50.0,1,8229.427223
-50.0,1,8231.285164
-50.0,1,8231.285219
-50.0,1,8236.6424
-47.0,2,8239.403269
-50.0,1,8239.403378
-35.0,1,8242.39731
-50.0,1,8242.39737
-50.0,1,8243.653537
-50.0,1,8243.653587
-50.0,1,8245.591402
-32.0,1,8245.591459
-50.0,1,8246.802816
-50.0,1,8246.802876
-50.0,1,8248.010782
-50.0,1,8248.010836
-50.0,1,8249.252558
-50.0,1,8249.252611
-50.0,1,8250.454179
-50.0,1,8250.454228
-50.0,1,8252.269746
-32.0,1,8252.269804
-50.0,1,8253.559828
-50.0,1,8253.55989
-50.0,1,8255.42516
-32.0,1,8255.425215
-50.0,1,8256.603028
-50.0,1,8256.603091
-50.0,1,8257.775237
-50.0,1,8257.775295
-32.0,1,8259.638511
-50.0,1,8259.638562
-50.0,1,8260.902828
-50.0,1,8260.902887
-50.0,1,8262.149712
-50.0,1,8262.149776
-50.0,1,8263.344517
-50.0,1,8263.344568
-50.0,1,8264.53147
-50.0,1,8264.531526
-50.0,1,8265.719224
-50.0,1,8265.719279
-50.0,1,8266.897296
-50.0,1,8266.897355
-50.0,1,8268.625491
-32.0,1,8268.625549
-50.0,1,8269.778148
-50.0,1,8269.778207
-50.0,1,8270.997656
-50.0,1,8270.997715
-50.0,1,8272.194053
-50.0,1,8272.194106
-50.0,1,8273.377439
-50.0,1,8273.377492
-50.0,1,8274.585303
-50.0,1,8274.585357
-50.0,1,8275.791429
-50.0,1,8275.791482
-50.0,1,8277.656879
-32.0,1,8277.656938
-50.0,1,8278.850644
-50.0,1,8278.850698
-50.0,1,8280.044161
-50.0,1,8280.044215
-50.0,1,8281.257139
-50.0,1,8281.257191
-32.0,1,8283.358681
-50.0,1,8283.358736
-50.0,1,8284.561203
-50.0,1,8284.561259
-50.0,1,8285.639943
-50.0,1,8285.639997
-50.0,1,8286.722745
-50.0,1,8286.722803
-50.0,1,8288.355465
-32.0,1,8288.355534
-50.0,1,8289.441859
-50.0,1,8289.441925
-50.0,1,8290.523836
-50.0,1,8290.523893
-50.0,1,8292.200053
-50.0,1,8293.301272
-38.0,2,8293.301324
-32.0,1,8295.72717
-32.0,1,8295.727228
-50.0,1,8296.816547
-50.0,1,8296.816601
-50.0,1,8297.913779
-50.0,1,8297.913829
-50.0,1,8299.004123
-50.0,1,8299.004178
-50.0,1,8300.113781
-50.0,1,8300.113837
-50.0,1,8301.270794
-50.0,1,8301.270858
-50.0,1,8302.403803
-50.0,1,8302.403861
-50.0,1,8304.116206
-50.0,1,8305.233549
-35.0,2,8305.233606
-50.0,1,8307.241563
-50.0,1,8308.366067
-44.0,2,8308.366129
-50.0,1,8309.538917
-50.0,1,8309.538972
-50.0,1,8310.715161
-50.0,1,8310.715221
-32.0,1,8312.446039
-50.0,1,8312.446111
-50.0,1,8314.245878
-32.0,1,8314.245935
-50.0,1,8315.419475
-50.0,1,8315.419539
-50.0,1,8316.58724
-50.0,1,8316.5873
-50.0,1,8317.751926
-50.0,1,8317.751981
-50.0,1,8318.916545
-50.0,1,8318.916602
-50.0,1,8320.106047
-50.0,1,8320.106103
-50.0,1,8321.307647
-50.0,1,8321.307706
-50.0,1,8323.139901
-32.0,1,8323.139962
-50.0,1,8324.383697
-50.0,1,8324.383758
-50.0,1,8325.59132
-50.0,1,8325.591379
-50.0,1,8327.37382
-32.0,1,8327.373877
-50.0,1,8328.559084
-50.0,1,8328.55914
-50.0,1,8330.452803
-50.0,1,8331.645849
-38.0,2,8331.645909
-32.0,1,8333.932823
-50.0,1,8335.054916
-35.0,2,8335.054972
-50.0,1,8337.013952
-50.0,1,8338.187181
-44.0,2,8338.18727
-50.0,1,8340.083331
-50.0,1,8340.083394
-50.0,1,8341.33811
-50.0,1,8341.338166
-50.0,1,8342.827956
-50.0,1,8342.828019
-50.0,1,8344.323155
-50.0,1,8344.323211
-50.0,1,8345.52974
-50.0,1,8345.5298
-50.0,1,8346.789808
-50.0,1,8346.789871
-50.0,1,8348.105919
-50.0,1,8348.106003
-50.0,1,8349.474233
-50.0,1,8349.47429
-50.0,1,8350.863014
-50.0,1,8350.863081
-50.0,1,8352.156813
-50.0,1,8352.156877
-50.0,1,8354.074863
-32.0,1,8354.074919
-29.0,1,8355.913586
-50.0,1,8355.913648
-50.0,1,8357.067024
-50.0,1,8357.067083
-50.0,1,8358.233365
-50.0,1,8358.233425
-50.0,1,8359.407073
-50.0,1,8359.407139
-50.0,1,8361.889764
-50.0,1,8361.889819
-50.0,1,8363.020174
-50.0,1,8363.020238
-50.0,1,8364.120527
-50.0,1,8364.120588
-50.0,1,8366.042116
-32.0,1,8366.042173
-50.0,1,8367.172163
-50.0,1,8367.172222
-50.0,1,8368.905202
-50.0,1,8368.905256
-50.0,1,8370.547874
-50.0,1,8370.547961
-50.0,1,8372.349646
-50.0,1,8372.349705
-50.0,1,8373.513847
-50.0,1,8373.513908
-50.0,1,8374.641998
-50.0,1,8374.642056
-50.0,1,8375.783662
-50.0,1,8375.783728
-50.0,1,8376.931
-50.0,1,8376.931052
-50.0,1,8378.06581
-50.0,1,8378.06587
-50.0,1,8379.198029
-50.0,1,8379.198088
-50.0,1,8380.318712
-50.0,1,8380.318774
-50.0,1,8381.4628
-50.0,1,8381.462858
-50.0,1,8383.182852
-50.0,1,8384.201328
-35.0,2,8384.201387
-50.0,1,8385.896954
-50.0,1,8387.055595
-4.0,2,8387.055651
-50.0,1,8388.192384
-50.0,1,8388.192445
-50.0,1,8389.330818
-50.0,1,8389.330872
-50.0,1,8390.464547
-50.0,1,8390.464607
-50.0,1,8391.633142
-50.0,1,8391.633258
-50.0,1,8392.77179
-50.0,1,8392.771848
-50.0,1,8394.557159
-38.0,2,8395.68481
-50.0,1,8395.684869
-50.0,1,8396.820044
-50.0,1,8396.820103
-50.0,1,8397.947392
-50.0,1,8397.947452
-50.0,1,8399.0734
-50.0,1,8399.073458
-50.0,1,8400.202516
-50.0,1,8400.202579
-50.0,1,8401.328866
-50.0,1,8401.328923
-50.0,1,8402.455065
-50.0,1,8402.455123
-50.0,1,8403.593084
-50.0,1,8403.593143
-50.0,1,8404.709198
-50.0,1,8404.709267
-50.0,1,8406.403543
-50.0,1,8406.4036
-50.0,1,8407.473185
-50.0,1,8407.473252
-50.0,1,8408.564145
-50.0,1,8408.564226
-50.0,1,8409.642538
-50.0,1,8409.642596
-50.0,1,8410.741135
-50.0,1,8410.741199
-50.0,1,8412.032386
-50.0,1,8412.032446
-50.0,1,8413.187567
-50.0,1,8413.187676
-50.0,1,8415.398973
-50.0,1,8415.399063
-50.0,1,8417.626655
-50.0,1,8417.626764
-50.0,1,8419.349962
-50.0,1,8419.350024
-50.0,1,8420.437525
-50.0,1,8420.437584
-50.0,1,8421.668487
-50.0,1,8421.668549
-50.0,1,8423.420633
-38.0,2,8424.561076
-50.0,1,8424.561134
-50.0,1,8426.53619
-35.0,2,8427.532995
-50.0,1,8427.53305
-50.0,1,8428.639179
-50.0,1,8428.639237
-50.0,1,8429.831353
-50.0,1,8429.831422
-50.0,1,8431.573626
-50.0,1,8431.57371
-50.0,1,8433.906961
-50.0,1,8433.907073
-50.0,1,8435.564889
-50.0,1,8435.564953
-50.0,1,8438.097616
-2.0,2,8440.314897
-50.0,1,8440.314956
-50.0,1,8442.016337
-50.0,1,8442.016453
-32.0,1,8444.540554
-50.0,1,8444.54061
-50.0,1,8446.655316
-32.0,1,8446.655435
-32.0,1,8449.425277
-50.0,1,8449.425328
-50.0,1,8451.229021
-50.0,1,8451.229094
-50.0,1,8452.81453
-50.0,1,8452.814594
-50.0,1,8454.801055
-50.0,1,8454.801111
-50.0,1,8456.899464
-50.0,1,8456.899518
-50.0,1,8458.907424
-50.0,1,8458.907538
-50.0,1,8460.925408
-50.0,1,8460.925463
-50.0,1,8463.05812
-50.0,1,8463.058175
-50.0,1,8465.087367
-50.0,1,8465.087428
-50.0,1,8466.831148
-50.0,1,8466.831213
-29.0,1,8469.583181
-32.0,1,8469.583235
-50.0,1,8471.194576
-50.0,1,8471.194634
-50.0,1,8472.780732
-50.0,1,8472.780788
-50.0,1,8473.95507
-50.0,1,8473.955129
-50.0,1,8475.211405
-50.0,1,8475.211456
-50.0,1,8477.446638
-50.0,1,8478.848598
-41.0,2,8478.848656
-50.0,1,8479.984328
-50.0,1,8479.984382
-32.0,1,8482.007378
-50.0,1,8482.007438
-50.0,1,8483.503542
-50.0,1,8483.503596
-50.0,1,8485.400116
-32.0,1,8487.182893
-35.0,2,8487.182948
-50.0,1,8489.01453
-32.0,1,8489.01458
-50.0,1,8490.17296
-50.0,1,8490.173018
-50.0,1,8491.996449
-50.0,1,8493.646618
-2.0,2,8493.646671
-50.0,1,8495.549601
-32.0,1,8495.549648
-50.0,1,8496.721303
-50.0,1,8496.72135
-50.0,1,8498.549275
-32.0,1,8498.549323
-50.0,1,8500.385121
-50.0,1,8500.385213
-50.0,1,8502.324419
-50.0,1,8502.324495
-50.0,1,8503.814365
-50.0,1,8503.814415
-50.0,1,8506.972138
-50.0,1,8508.333412
-47.0,2,8508.333462
-50.0,1,8509.905801
-29.0,1,8509.905853
-50.0,1,8511.50208
-50.0,1,8511.502129
-50.0,1,8513.772789
-50.0,1,8514.902772
-44.0,2,8514.90282
-50.0,1,8516.075928
-50.0,1,8516.075982
-50.0,1,8517.765992
-32.0,1,8517.766046
-50.0,1,8518.920164
-50.0,1,8518.920217
-50.0,1,8520.041589
-50.0,1,8520.041642
-32.0,1,8521.75939
-50.0,1,8521.759444
-50.0,1,8522.918872
-50.0,1,8522.918924
-50.0,1,8524.05901
-50.0,1,8524.059065
-50.0,1,8525.202024
-50.0,1,8525.202073
-50.0,1,8527.06389
-2.0,2,8528.736475
-50.0,1,8528.736537
-32.0,1,8530.532207
-50.0,1,8530.532264
-50.0,1,8531.726726
-50.0,1,8531.726822
-50.0,1,8534.291268
-32.0,1,8536.060456
-47.0,2,8536.060524
-50.0,1,8537.233795
-50.0,1,8537.233856
-50.0,1,8538.50186
-50.0,1,8538.501915
-50.0,1,8539.732911
-50.0,1,8539.732974
-50.0,1,8541.477758
-32.0,1,8541.477826
-50.0,1,8542.614693
-50.0,1,8542.614749
-32.0,1,8544.361196
-50.0,1,8544.361267
-50.0,1,8545.481618
-50.0,1,8545.48167
-50.0,1,8547.321107
-2.0,2,8548.924765
-50.0,1,8548.924823
-50.0,1,8550.769269
-2.0,2,8552.909668
-50.0,1,8552.909733
-32.0,1,8555.205097
-50.0,1,8555.205185
-50.0,1,8556.876782
-50.0,1,8556.876838
-29.0,1,8559.249199
-32.0,1,8559.249254
-50.0,1,8560.457228
-50.0,1,8560.457284
-50.0,1,8561.586057
-50.0,1,8561.586122
-50.0,1,8562.699426
-50.0,1,8562.69948
-50.0,1,8563.792902
-50.0,1,8563.792957
-50.0,1,8565.657283
-50.0,1,8566.769727
-35.0,2,8566.769785
-50.0,1,8568.436657
-32.0,1,8568.436723
-50.0,1,8569.542332
-50.0,1,8569.542398
-50.0,1,8570.649767
-50.0,1,8570.649822
-50.0,1,8571.743773
-50.0,1,8571.743829
-50.0,1,8572.865657
-50.0,1,8572.865709
-50.0,1,8573.960774
-50.0,1,8573.960837
-50.0,1,8575.126059
-50.0,1,8575.126113
-32.0,1,8576.780896
-50.0,1,8576.780956
-50.0,1,8578.507201
-32.0,1,8578.507262
-50.0,1,8579.656208
-50.0,1,8579.656265
-32.0,1,8581.301347
-50.0,1,8581.301409
-50.0,1,8582.469399
-50.0,1,8582.469458
-50.0,1,8583.574906
-50.0,1,8583.574958
-50.0,1,8584.703456
-50.0,1,8584.703513
-50.0,1,8585.859714
-50.0,1,8585.859776
-50.0,1,8586.961935
-50.0,1,8586.96199
-50.0,1,8588.690877
-50.0,1,8589.797388
-35.0,2,8589.797441
-50.0,1,8591.517822
-50.0,1,8592.740184
-38.0,2,8592.740236
-50.0,1,8594.543172
-32.0,1,8594.543238
-50.0,1,8595.827088
-50.0,1,8595.827176
-50.0,1,8597.143792
-50.0,1,8597.143858
-50.0,1,8599.033093
-50.0,1,8599.033162
-50.0,1,8601.062969
-50.0,1,8601.063045
-50.0,1,8602.664118
-50.0,1,8602.664225
-50.0,1,8604.440366
-50.0,1,8604.440424
-50.0,1,8605.592478
-50.0,1,8605.592543
-50.0,1,8606.746428
-50.0,1,8606.746494
-50.0,1,8608.062875
-50.0,1,8608.062988
-50.0,1,8609.82629
-50.0,1,8609.826346
-50.0,1,8611.280349
-50.0,1,8611.28045
-50.0,1,8613.032404
-50.0,1,8613.032503
-50.0,1,8615.067613
-50.0,1,8615.067675
-50.0,1,8616.196267
-50.0,1,8616.196326
-50.0,1,8617.384633
-50.0,1,8617.384701
-50.0,1,8618.792161
-50.0,1,8618.792221
-50.0,1,8620.179669
-50.0,1,8620.179725
-50.0,1,8621.360459
-50.0,1,8621.360518
-50.0,1,8622.532373
-50.0,1,8622.532435
-50.0,1,8623.724103
-50.0,1,8623.724156
-50.0,1,8625.517521
-32.0,1,8625.517583
-50.0,1,8626.723242
-50.0,1,8626.723339
-50.0,1,8627.91347
-50.0,1,8627.913523
-32.0,1,8629.708678
-50.0,1,8629.708733
-50.0,1,8630.815939
-50.0,1,8630.815994
-50.0,1,8631.933144
-50.0,1,8631.9332
-50.0,1,8633.007974
-50.0,1,8633.008032
-50.0,1,8634.151495
-50.0,1,8634.151552
-50.0,1,8635.25795
-50.0,1,8635.258007
-50.0,1,8636.39281
-50.0,1,8636.392867
-50.0,1,8637.517401
-50.0,1,8637.517457
-50.0,1,8638.632099
-50.0,1,8638.632152
-50.0,1,8639.746954
-50.0,1,8639.74701
-32.0,1,8641.519055
-50.0,1,8641.519114
-50.0,1,8642.631267
-50.0,1,8642.631325
-50.0,1,8643.742714
-50.0,1,8643.742774
-50.0,1,8644.878578
-50.0,1,8644.878636
-50.0,1,8646.083522
-50.0,1,8646.083585
-50.0,1,8647.196773
-50.0,1,8647.19683
-50.0,1,8648.418504
-50.0,1,8648.418576
-50.0,1,8649.666642
-50.0,1,8649.666715
-50.0,1,8651.568542
-50.0,1,8653.280889
-2.0,2,8653.280992
-50.0,1,8655.176691
-35.0,1,8655.176788
-50.0,1,8656.640209
-50.0,1,8656.640266
-50.0,1,8657.920075
-50.0,1,8657.920132
-50.0,1,8659.288889
-50.0,1,8659.288944
-50.0,1,8660.568884
-50.0,1,8660.568987
-50.0,1,8661.82657
-50.0,1,8661.826676
-50.0,1,8663.056815
-50.0,1,8663.056873
-50.0,1,8664.33031
-50.0,1,8664.330373
-50.0,1,8665.594887
-50.0,1,8665.594943
-50.0,1,8667.389
-32.0,1,8667.389111
-50.0,1,8668.577323
-50.0,1,8668.577386
-50.0,1,8669.779985
-50.0,1,8669.780043
-50.0,1,8671.077698
-50.0,1,8671.077761
-50.0,1,8672.224778
-50.0,1,8672.224831
-50.0,1,8673.515083
-50.0,1,8673.515138
-32.0,1,8675.459167
-50.0,1,8675.459225
-50.0,1,8676.666085
-50.0,1,8676.666155
-50.0,1,8677.832462
-50.0,1,8677.832525
-50.0,1,8678.98591
-50.0,1,8678.985974
-50.0,1,8680.183216
-50.0,1,8680.183274
-50.0,1,8682.126586
-38.0,2,8683.289033
-50.0,1,8683.289089
-50.0,1,8684.458784
-50.0,1,8684.458851
-50.0,1,8685.662197
-50.0,1,8685.662258
-50.0,1,8687.609179
-32.0,1,8687.609278
-50.0,1,8688.847717
-50.0,1,8688.847776
-50.0,1,8690.060451
-50.0,1,8690.060518
-50.0,1,8691.250473
-50.0,1,8691.250539
-50.0,1,8693.216056
-2.0,2,8694.942573
-50.0,1,8694.942639
-50.0,1,8696.049742
-50.0,1,8696.049799
-50.0,1,8697.95741
-38.0,2,8699.214123
-50.0,1,8699.214181
-32.0,1,8700.976112
-50.0,1,8700.976173
-50.0,1,8702.162151
-50.0,1,8702.162215
-50.0,1,8703.356472
-50.0,1,8703.356529
-50.0,1,8705.061049
-32.0,1,8705.061107
-50.0,1,8706.193006
-50.0,1,8706.193078
-50.0,1,8707.927541
-50.0,1,8709.261573
-38.0,2,8709.261671
-50.0,1,8711.709218
-38.0,1,8711.709304
-50.0,1,8712.96194
-50.0,1,8712.962011
-50.0,1,8714.232797
-50.0,1,8714.232855
-50.0,1,8716.02146
-32.0,1,8716.021517
-50.0,1,8717.211401
-50.0,1,8717.211457
-50.0,1,8718.376082
-50.0,1,8718.376137
-50.0,1,8719.5822
-50.0,1,8719.582255
-50.0,1,8721.33201
-32.0,1,8721.332069
-50.0,1,8722.493925
-50.0,1,8722.493981
-50.0,1,8723.672301
-50.0,1,8723.672358
-50.0,1,8724.837275
-50.0,1,8724.837323
-50.0,1,8726.019349
-50.0,1,8726.019422
-50.0,1,8727.201163
-50.0,1,8727.20122
-50.0,1,8729.00804
-32.0,1,8729.008141
-50.0,1,8730.580259
-50.0,1,8730.580379
-50.0,1,8732.256719
-50.0,1,8732.256779
-50.0,1,8733.654265
-50.0,1,8733.654338
-50.0,1,8735.061469
-50.0,1,8735.061527
-50.0,1,8736.172802
-50.0,1,8736.172859
-50.0,1,8737.439098
-50.0,1,8737.439157
-50.0,1,8739.234684
-50.0,1,8739.234756
-50.0,1,8741.180274
-32.0,1,8741.180334
-50.0,1,8742.310182
-50.0,1,8742.310255
-50.0,1,8743.437299
-50.0,1,8743.437381
-50.0,1,8744.573316
-50.0,1,8744.573373
-50.0,1,8745.665565
-50.0,1,8745.665658
-50.0,1,8746.777962
-50.0,1,8746.778019
-50.0,1,8748.052099
-50.0,1,8748.052156
-50.0,1,8749.314689
-50.0,1,8749.314741
-50.0,1,8751.292971
-35.0,2,8752.396592
-50.0,1,8752.396649
-50.0,1,8753.642199
-50.0,1,8753.64227
-50.0,1,8755.706101
-44.0,2,8757.725306
-50.0,1,8758.91413
-44.0,2,8758.914177
-32.0,1,8761.325002
-32.0,1,8761.325073
-50.0,1,8762.479056
-50.0,1,8762.479112
-50.0,1,8763.717624
-50.0,1,8763.717684
-50.0,1,8764.850828
-50.0,1,8764.850911
-50.0,1,8766.573477
-32.0,1,8766.573534
-50.0,1,8767.727031
-50.0,1,8767.727087
-50.0,1,8768.832999
-50.0,1,8768.833058
-50.0,1,8770.61013
-38.0,2,8771.749171
-50.0,1,8771.749229
-38.0,1,8773.892984
-50.0,1,8773.893042
-50.0,1,8775.044299
-50.0,1,8775.044364
-50.0,1,8776.20178
-50.0,1,8776.201839
-50.0,1,8777.319754
-50.0,1,8777.319812
-50.0,1,8779.603726
-44.0,2,8780.865332
-50.0,1,8780.865391
-50.0,1,8781.983793
-50.0,1,8781.983856
-32.0,1,8784.823349
-50.0,1,8785.961025
-44.0,2,8785.961083
-50.0,1,8788.030675
-38.0,2,8789.855793
-50.0,1,8789.855854
-35.0,1,8792.048351
-50.0,1,8792.048411
-50.0,1,8793.29001
-50.0,1,8793.290067
-50.0,1,8795.01132
-32.0,1,8795.011377
-50.0,1,8796.665417
-50.0,1,8796.665518
-50.0,1,8798.165572
-50.0,1,8798.165664
-50.0,1,8799.776845
-50.0,1,8799.776926
-50.0,1,8801.434434
-50.0,1,8801.43452
-50.0,1,8803.373987
-32.0,1,8803.374051
-50.0,1,8805.67533
-44.0,2,8806.853159
-50.0,1,8806.853221
-50.0,1,8808.018395
-50.0,1,8808.018451
-50.0,1,8809.826903
-32.0,1,8809.826963
-50.0,1,8811.005838
-50.0,1,8811.005903
-50.0,1,8812.166371
-50.0,1,8812.16643
-50.0,1,8813.330191
-50.0,1,8813.330248
-50.0,1,8815.188753
-38.0,2,8816.353117
-50.0,1,8816.353185
-32.0,1,8818.160663
-50.0,1,8818.160722
-50.0,1,8819.331833
-50.0,1,8819.331901
-50.0,1,8820.504295
-50.0,1,8820.504363
-32.0,1,8822.34119
-50.0,1,8822.341241
-50.0,1,8824.213413
-50.0,1,8825.381402
-38.0,2,8825.381463
-50.0,1,8826.550294
-50.0,1,8826.550353
-50.0,1,8827.656147
-50.0,1,8827.656214
-50.0,1,8829.217895
-50.0,1,8829.217954
-32.0,1,8830.831294
-50.0,1,8830.831352
-50.0,1,8832.089914
-50.0,1,8832.089971
-50.0,1,8833.232124
-50.0,1,8833.232187
-50.0,1,8835.585038
-44.0,2,8836.655204
-50.0,1,8836.655263
-50.0,1,8837.980967
-50.0,1,8837.981049
-50.0,1,8840.317339
-32.0,1,8840.317412
-50.0,1,8841.540872
-50.0,1,8841.540938
-50.0,1,8842.829373
-50.0,1,8842.829439
-50.0,1,8844.02384
-50.0,1,8844.023906
-50.0,1,8845.19478
-50.0,1,8845.194839
-32.0,1,8846.974534
-50.0,1,8846.974597
-50.0,1,8848.170836
-50.0,1,8848.170891
-32.0,1,8850.93823
-32.0,1,8850.938286
-50.0,1,8852.202484
-50.0,1,8852.202546
-50.0,1,8853.39261
-50.0,1,8853.392666
-50.0,1,8854.560138
-50.0,1,8854.560194
-50.0,1,8855.73859
-50.0,1,8855.738655
-50.0,1,8856.919096
-50.0,1,8856.919152
-50.0,1,8858.081778
-50.0,1,8858.081834
-50.0,1,8859.25866
-50.0,1,8859.258716
-32.0,1,8861.030534
-50.0,1,8861.030591
-50.0,1,8862.191877
-50.0,1,8862.191936
-50.0,1,8864.042601
-32.0,1,8864.042659
-50.0,1,8866.083223
-44.0,2,8867.157413
-50.0,1,8867.157473
-50.0,1,8868.290484
-50.0,1,8868.290546
-32.0,1,8869.970641
-50.0,1,8869.970697
-50.0,1,8871.094968
-50.0,1,8871.095014
-50.0,1,8872.208624
-50.0,1,8872.208686
-50.0,1,8873.5787
-50.0,1,8873.578785
-50.0,1,8875.470433
-50.0,1,8875.470509
-32.0,1,8877.389015
-50.0,1,8877.38907
-50.0,1,8878.542623
-50.0,1,8878.542679
-50.0,1,8879.686057
-50.0,1,8879.686122
-32.0,1,8881.445069
-50.0,1,8881.445124
-50.0,1,8882.632373
-50.0,1,8882.632429
-32.0,1,8884.343568
-50.0,1,8884.343624
-50.0,1,8885.537462
-50.0,1,8885.537511
-50.0,1,8887.644757
-44.0,2,8888.802989
-50.0,1,8888.803044
-50.0,1,8889.945419
-50.0,1,8889.945475
-50.0,1,8891.108751
-50.0,1,8891.108801
-50.0,1,8892.267892
-50.0,1,8892.267951
-32.0,1,8893.996997
-50.0,1,8893.997054
-50.0,1,8895.164229
-50.0,1,8895.164285
-50.0,1,8896.563798
-50.0,1,8896.563855
-50.0,1,8897.674783
-50.0,1,8897.674843
-50.0,1,8898.890033
-50.0,1,8898.890113
-32.0,1,8900.798015
-50.0,1,8900.798099
-50.0,1,8902.113233
-50.0,1,8902.113302
-50.0,1,8904.011748
-35.0,1,8904.011804
-32.0,1,8905.714093
-50.0,1,8905.714159
-50.0,1,8906.873228
-50.0,1,8906.873286
-50.0,1,8907.994064
-50.0,1,8907.994122
-50.0,1,8909.111686
-50.0,1,8909.111745
-50.0,1,8910.247031
-50.0,1,8910.247085
-50.0,1,8912.134039
-2.0,2,8913.786645
-50.0,1,8913.7867
-50.0,1,8915.078543
-50.0,1,8915.078598
-50.0,1,8916.360433
-50.0,1,8916.360519
-50.0,1,8917.55188
-50.0,1,8917.551939
-50.0,1,8918.782864
-50.0,1,8918.782933
-50.0,1,8919.982692
-50.0,1,8919.982754
-50.0,1,8921.1509
-50.0,1,8921.150964
-44.0,2,8925.285206
-44.0,2,8925.285266
-50.0,1,8926.470477
-50.0,1,8926.470533
-32.0,1,8928.448595
-50.0,1,8928.448663
-50.0,1,8929.674364
-50.0,1,8929.674418
-50.0,1,8930.810525
-50.0,1,8930.810592
-50.0,1,8931.957987
-50.0,1,8931.958048
-50.0,1,8933.194268
-50.0,1,8933.194435
-50.0,1,8934.594095
-50.0,1,8934.594164
-50.0,1,8936.36339
-35.0,1,8936.363449
-50.0,1,8938.143998
-50.0,1,8938.144091
-50.0,1,8940.671947
-29.0,1,8940.67206
-50.0,1,8942.832339
-50.0,1,8942.83243
-50.0,1,8944.903275
-50.0,1,8944.903371
-50.0,1,8947.686375
-50.0,1,8949.538122
-44.0,2,8949.538178
-50.0,1,8950.678122
-50.0,1,8950.67819
-50.0,1,8952.452074
-32.0,1,8952.452129
-50.0,1,8953.816065
-50.0,1,8953.81614
-50.0,1,8956.491606
-50.0,1,8957.695654
-41.0,2,8957.695709
-50.0,1,8959.134444
-50.0,1,8959.134503
-50.0,1,8961.439904
-50.0,1,8962.495804
-44.0,2,8962.495861
-50.0,1,8964.248092
-35.0,2,8966.10483
-29.0,1,8968.302872
-2.0,2,8968.302929
-50.0,1,8970.401599
-50.0,1,8971.672944
-38.0,2,8971.673023
-50.0,1,8973.82803
-50.0,1,8973.828115
-50.0,1,8975.506554
-50.0,1,8975.506632
-50.0,1,8976.832326
-50.0,1,8976.832385
-50.0,1,8978.709162
-50.0,1,8978.709238
-50.0,1,8980.319816
-50.0,1,8980.319906
-32.0,1,8982.403333
-50.0,1,8982.403425
-50.0,1,8984.516598
-50.0,1,8984.516684
-50.0,1,8985.821068
-50.0,1,8985.821126
-50.0,1,8987.026767
-50.0,1,8987.026835
-50.0,1,8988.77
-32.0,1,8988.770056
-50.0,1,8989.879372
-50.0,1,8989.879429
-50.0,1,8990.997983
-50.0,1,8990.998041
-50.0,1,8992.741488
-32.0,1,8992.741547
-50.0,1,8995.607217
-50.0,2,8996.678996
-50.0,1,8996.679057
-50.0,1,8997.794964
-50.0,1,8997.795021
-50.0,1,8998.943047
-50.0,1,8998.943105
-50.0,1,9000.069084
-50.0,1,9000.069141
-50.0,1,9001.811276
-38.0,2,9003.620245
-50.0,1,9005.367762
-2.0,2,9005.367834
-50.0,1,9006.480538
-50.0,1,9006.480592
-50.0,1,9008.020841
-50.0,1,9008.020938
-50.0,1,9010.066111
-50.0,1,9010.066211
-32.0,1,9012.151702
-50.0,1,9012.151761
-50.0,1,9014.004597
-50.0,1,9014.004719
-50.0,1,9016.835231
-50.0,1,9018.636392
-41.0,2,9018.636456
-50.0,1,9020.76672
-29.0,1,9020.766822
-50.0,1,9022.605666
-50.0,1,9022.605731
-32.0,1,9024.297356
-50.0,1,9024.297411
-50.0,1,9025.418278
-50.0,1,9025.418334
-50.0,1,9026.545231
-50.0,1,9026.545288
-50.0,1,9027.621371
-50.0,1,9027.621433
-50.0,1,9029.313225
-35.0,2,9031.008919
-32.0,1,9031.008982
-50.0,1,9032.1301
-50.0,1,9032.130157
-50.0,1,9033.252531
-50.0,1,9033.25259
-50.0,1,9034.971264
-32.0,1,9036.630178
-38.0,2,9036.630234
-50.0,1,9037.768883
-50.0,1,9037.768943
-50.0,1,9038.864005
-50.0,1,9038.864061
-32.0,1,9041.237086
-50.0,1,9042.331874
-38.0,2,9042.331928
-50.0,1,9044.071746
-50.0,1,9045.117268
-35.0,2,9045.117342
-50.0,1,9046.227239
-50.0,1,9046.227299
-50.0,1,9047.352235
-50.0,1,9047.352292
-50.0,1,9049.485374
-50.0,1,9051.215942
-44.0,2,9051.215997
-50.0,1,9052.398679
-50.0,1,9052.398756
-32.0,1,9054.75554
-35.0,2,9055.904625
-50.0,1,9055.904748
-32.0,1,9057.575114
-50.0,1,9057.57517
-50.0,1,9058.716748
-50.0,1,9058.716821
-50.0,1,9060.418781
-29.0,1,9060.418843
-50.0,1,9061.575793
-50.0,1,9061.575847
-50.0,1,9063.285229
-35.0,2,9064.43
-50.0,1,9064.430058
-32.0,1,9066.178993
-50.0,1,9066.179055
-50.0,1,9068.011089
-50.0,1,9069.162641
-38.0,2,9069.162698
-50.0,1,9070.31138
-50.0,1,9070.311444
-50.0,1,9071.480396
-50.0,1,9071.480454
-50.0,1,9072.625852
-50.0,1,9072.625908
-50.0,1,9073.872997
-50.0,1,9073.873052
-32.0,1,9076.467965
-2.0,2,9079.38699
-50.0,1,9079.387051
-50.0,1,9081.293501
-50.0,1,9081.293603
-35.0,1,9083.630039
-50.0,1,9083.630096
-50.0,1,9084.758143
-50.0,1,9084.758198
-50.0,1,9086.499833
-32.0,1,9086.49989
-50.0,1,9087.612345
-50.0,1,9087.612411
-50.0,1,9089.399662
-29.0,1,9089.399719
-50.0,1,9090.580074
-50.0,1,9090.580149
-50.0,1,9092.626152
-50.0,1,9093.752586
-44.0,2,9093.75264
-50.0,1,9095.037308
-50.0,1,9095.037381
-50.0,1,9096.223534
-50.0,1,9096.22359
-50.0,1,9097.381389
-50.0,1,9097.381443
-50.0,1,9098.510325
-50.0,1,9098.510375
-50.0,1,9099.630298
-50.0,1,9099.630349
-50.0,1,9101.927605
-50.0,1,9103.170746
-44.0,2,9103.170808
-50.0,1,9104.316169
-50.0,1,9104.316228
-50.0,1,9106.159784
-50.0,1,9107.824742
-2.0,2,9107.8248
-50.0,1,9109.580801
-38.0,2,9111.925208
-44.0,2,9113.637574
-32.0,1,9113.637638
-50.0,1,9115.469449
-2.0,2,9117.685146
-32.0,1,9119.479381
-35.0,2,9119.479438
-50.0,1,9120.574077
-50.0,1,9120.574135
-50.0,1,9122.280483
-35.0,2,9123.268124
-50.0,1,9123.268195
-50.0,1,9125.601723
-32.0,1,9125.601805
-32.0,1,9127.643018
-50.0,1,9127.643076
-50.0,1,9128.770589
-50.0,1,9128.770656
-50.0,1,9130.561181
-32.0,1,9130.561237
-32.0,1,9133.282066
-50.0,1,9133.282122
-50.0,1,9134.476543
-50.0,1,9134.476601
-50.0,1,9135.631976
-50.0,1,9135.632031
-50.0,1,9136.76971
-50.0,1,9136.769771
-32.0,1,9138.488529
-50.0,1,9138.488592
-50.0,1,9139.609837
-50.0,1,9139.609893
-32.0,1,9141.377508
-50.0,1,9141.377573
-50.0,1,9142.515573
-50.0,1,9142.51563
-50.0,1,9143.676906
-50.0,1,9143.676963
-50.0,1,9144.848492
-50.0,1,9144.848559
-50.0,1,9146.666114
-32.0,1,9146.666192
-32.0,1,9148.562836
-50.0,1,9148.562934
-50.0,1,9149.913254
-50.0,1,9149.913318
-50.0,1,9151.609499
-32.0,1,9151.609555
-50.0,1,9152.748908
-50.0,1,9152.748973
-50.0,1,9153.89485
-50.0,1,9153.894915
-50.0,1,9155.024379
-50.0,1,9155.024436
-50.0,1,9156.171496
-50.0,1,9156.171554
-50.0,1,9157.40601
-50.0,1,9157.406098
-32.0,1,9159.442153
-50.0,1,9159.442236
-50.0,1,9160.82366
-50.0,1,9160.823713
-50.0,1,9162.064551
-50.0,1,9162.064634
-50.0,1,9163.241974
-50.0,1,9163.242031
-50.0,1,9164.503452
-50.0,1,9164.503525
-32.0,1,9166.444822
-50.0,1,9166.444881
-50.0,1,9167.639845
-50.0,1,9167.639911
-50.0,1,9169.655441
-32.0,1,9169.655499
-50.0,1,9170.921965
-50.0,1,9170.922047
-50.0,1,9172.72148
-50.0,1,9172.721579
-50.0,1,9174.529173
-50.0,1,9174.529231
-50.0,1,9175.828815
-50.0,1,9175.828888
-50.0,1,9177.038845
-50.0,1,9177.0389
-50.0,1,9178.134953
-50.0,1,9178.135011
-50.0,1,9179.431528
-50.0,1,9179.431587
-50.0,1,9181.117038
-50.0,1,9181.117129
-50.0,1,9182.536374
-50.0,1,9182.536477
-50.0,1,9184.4671
-50.0,1,9184.467197
-32.0,1,9186.199976
-50.0,1,9186.200032
-50.0,1,9187.330313
-50.0,1,9187.33038
-50.0,1,9189.080243
-35.0,2,9190.887529
-32.0,1,9190.887609
-32.0,1,9192.806284
-50.0,1,9192.806348
-50.0,1,9194.230835
-50.0,1,9194.230902
-50.0,1,9195.801444
-50.0,1,9195.801504
-50.0,1,9196.965091
-50.0,1,9196.965146
-50.0,1,9198.85153
-38.0,2,9200.032236
-50.0,1,9200.032296
-50.0,1,9201.241958
-50.0,1,9201.242015
-50.0,1,9202.385615
-50.0,1,9202.385677
-50.0,1,9203.556103
-50.0,1,9203.55617
-50.0,1,9204.70182
-50.0,1,9204.701874
-50.0,1,9205.820275
-50.0,1,9205.820331
-50.0,1,9207.116367
-50.0,1,9207.116422
-50.0,1,9208.339991
-50.0,1,9208.340056
-50.0,1,9209.540804
-50.0,1,9209.540863
-50.0,1,9210.681137
-50.0,1,9210.681244
-50.0,1,9211.964824
-50.0,1,9211.964879
-50.0,1,9213.112119
-50.0,1,9213.112184
-50.0,1,9214.242769
-50.0,1,9214.242823
-50.0,1,9215.410945
-50.0,1,9215.411002
-50.0,1,9216.503444
-50.0,1,9216.5035
-50.0,1,9217.623701
-50.0,1,9217.623762
-50.0,1,9218.829352
-50.0,1,9218.829409
-50.0,1,9220.140018
-50.0,1,9220.140091
-50.0,1,9221.528374
-50.0,1,9221.528433
-50.0,1,9223.289241
-32.0,1,9223.289299
-50.0,1,9224.450514
-50.0,1,9224.450572
-50.0,1,9226.193189
-50.0,1,9227.332236
-38.0,2,9227.332301
-50.0,1,9229.278712
-50.0,1,9230.41239
-35.0,2,9230.412453
-32.0,1,9232.257413
-50.0,1,9232.257474
-50.0,1,9233.638752
-50.0,1,9233.63881
-32.0,1,9236.091722
-32.0,1,9236.091779
-50.0,1,9237.299113
-50.0,1,9237.299175
-32.0,1,9239.320549
-50.0,1,9239.320649
-50.0,1,9241.214327
-50.0,1,9241.21442
-50.0,1,9243.308556
-50.0,1,9243.308648
-32.0,1,9246.250694
-29.0,1,9246.250793
-50.0,1,9248.274684
-50.0,1,9248.274755
-50.0,1,9250.178254
-50.0,1,9250.178309
-50.0,1,9252.226629
-44.0,2,9253.503027
-50.0,1,9253.503082
-50.0,1,9254.686425
-50.0,1,9254.686487
-32.0,1,9256.36659
-50.0,1,9256.366667
-50.0,1,9257.526255
-50.0,1,9257.52631
-50.0,1,9259.219342
-29.0,1,9259.219398
-50.0,1,9261.046005
-2.0,2,9262.817991
-50.0,1,9262.818135
-50.0,1,9263.944812
-50.0,1,9263.944869
-50.0,1,9265.08289
-50.0,1,9265.082957
-50.0,1,9266.747957
-29.0,1,9266.748014
-50.0,1,9267.904663
-50.0,1,9267.904724
-50.0,1,9269.003697
-50.0,1,9269.003754
-50.0,1,9270.123707
-50.0,1,9270.123766
-50.0,1,9271.279009
-50.0,1,9271.279063
-50.0,1,9272.559556
-50.0,1,9272.559614
-32.0,1,9274.830307
-32.0,1,9274.830369
-50.0,1,9276.048599
-50.0,1,9276.048668
-50.0,1,9277.262377
-50.0,1,9277.26244
-50.0,1,9278.401989
-50.0,1,9278.402048
-50.0,1,9279.602224
-50.0,1,9279.602282
-50.0,1,9280.748467
-50.0,1,9280.74852
-50.0,1,9281.90517
-50.0,1,9281.905226
-50.0,1,9283.046016
-50.0,1,9283.046076
-50.0,1,9284.21144
-50.0,1,9284.211533
-50.0,1,9285.420565
-50.0,1,9285.420622
-50.0,1,9286.560066
-50.0,1,9286.560124
-50.0,1,9287.683779
-50.0,1,9287.683836
-50.0,1,9288.836839
-50.0,1,9288.836894
-50.0,1,9290.024695
-50.0,1,9290.024754
-50.0,1,9291.172656
-50.0,1,9291.172713
-50.0,1,9292.338675
-50.0,1,9292.338729
-50.0,1,9293.471842
-50.0,1,9293.471895
-50.0,1,9294.574161
-50.0,1,9294.57422
-50.0,1,9295.713925
-50.0,1,9295.713989
-50.0,1,9297.455507
-35.0,2,9298.54657
-50.0,1,9298.546626
-50.0,1,9299.681648
-50.0,1,9299.681725
-32.0,1,9301.369335
-50.0,1,9301.369392
-50.0,1,9302.499259
-50.0,1,9302.499315
-50.0,1,9303.595968
-50.0,1,9303.596023
-32.0,1,9305.248027
-50.0,1,9305.24809
-50.0,1,9306.580385
-50.0,1,9306.580466
-32.0,1,9309.101517
-32.0,1,9309.101573
-50.0,1,9310.293722
-50.0,1,9310.293781
-50.0,1,9311.464146
-50.0,1,9311.464205
-32.0,1,9313.255435
-50.0,1,9313.255495
-50.0,1,9314.389562
-50.0,1,9314.389618
-50.0,1,9315.525431
-50.0,1,9315.525487
-50.0,1,9316.68569
-50.0,1,9316.685757
-50.0,1,9317.791989
-50.0,1,9317.792044
-50.0,1,9318.919308
-50.0,1,9318.919377
-50.0,1,9320.656504
-50.0,1,9321.781346
-35.0,2,9321.781401
-50.0,1,9322.921095
-50.0,1,9322.921154
-29.0,1,9324.668566
-50.0,1,9324.668625
-50.0,1,9326.547172
-50.0,1,9328.185021
-2.0,2,9328.185088
-50.0,1,9330.253882
-32.0,1,9330.253939
-50.0,1,9331.462786
-50.0,1,9331.462841
-50.0,1,9332.583206
-50.0,1,9332.583263
-50.0,1,9333.700955
-50.0,1,9333.701024
-50.0,1,9334.830198
-50.0,1,9334.830255
-50.0,1,9335.976273
-50.0,1,9335.976336
-50.0,1,9337.118336
-50.0,1,9337.118393
-50.0,1,9338.282825
-50.0,1,9338.282882
-50.0,1,9339.472078
-50.0,1,9339.472133
-50.0,1,9340.616724
-50.0,1,9340.616778
-50.0,1,9341.988
-50.0,1,9341.988113
-50.0,1,9343.986235
-50.0,1,9343.986285
-50.0,1,9345.208143
-50.0,1,9345.208227
-50.0,1,9346.703621
-50.0,1,9346.703681
-50.0,1,9347.850376
-50.0,1,9347.85045
-50.0,1,9348.961205
-50.0,1,9348.961251
-50.0,1,9350.148111
-50.0,1,9350.148168
-50.0,1,9352.01937
-32.0,1,9352.019428
-50.0,1,9353.254791
-50.0,1,9353.25485
-50.0,1,9354.428032
-50.0,1,9354.428089
-50.0,1,9355.534546
-50.0,1,9355.534619
-50.0,1,9357.270783
-32.0,1,9357.270849
-50.0,1,9358.392016
-50.0,1,9358.39208
-50.0,1,9360.668273
-50.0,1,9361.746952
-44.0,2,9361.747007
-50.0,1,9362.915124
-50.0,1,9362.91519
-50.0,1,9364.052443
-50.0,1,9364.052509
-50.0,1,9365.168771
-50.0,1,9365.168843
-50.0,1,9366.354038
-50.0,1,9366.354102
-50.0,1,9367.465982
-50.0,1,9367.466034
-50.0,1,9368.597136
-50.0,1,9368.597196
-50.0,1,9370.405185
-32.0,1,9370.405244
-50.0,1,9371.58817
-50.0,1,9371.588227
-50.0,1,9372.719851
-50.0,1,9372.719908
-50.0,1,9374.519778
-32.0,1,9374.519837
-50.0,1,9375.656959
-50.0,1,9375.657016
-50.0,1,9376.783039
-50.0,1,9376.783105
-50.0,1,9378.059834
-50.0,1,9378.059919
-50.0,1,9379.968989
-50.0,1,9379.969044
-50.0,1,9381.915445
-50.0,1,9381.915501
-50.0,1,9383.899162
-50.0,1,9383.899285
-50.0,1,9385.955095
-50.0,1,9385.955185
-50.0,1,9389.550577
-50.0,1,9391.496209
-44.0,2,9391.496306
-50.0,1,9393.226078
-50.0,1,9393.226136
-50.0,1,9395.289603
-2.0,2,9399.073145
-50.0,2,9400.179382
-50.0,1,9400.179445
-50.0,1,9401.315903
-50.0,1,9401.31596
-32.0,1,9403.105871
-50.0,1,9403.105928
-50.0,1,9405.123934
-35.0,1,9405.124
-50.0,1,9406.712904
-50.0,1,9406.712959
-50.0,1,9407.89721
-50.0,1,9407.897261
-50.0,1,9409.149951
-50.0,1,9409.150034
-50.0,1,9410.43423
-50.0,1,9410.434297
-50.0,1,9411.676848
-50.0,1,9411.676907
-50.0,1,9412.961555
-50.0,1,9412.961645
-50.0,1,9414.269321
-50.0,1,9414.269379
-50.0,1,9415.490581
-50.0,1,9415.490645
-50.0,1,9416.747907
-50.0,1,9416.747999
-50.0,1,9417.900037
-50.0,1,9417.900119
-50.0,1,9419.185833
-50.0,1,9419.185886
-50.0,1,9421.348518
-32.0,1,9421.348576
-50.0,1,9422.675927
-50.0,1,9422.675983
-50.0,1,9423.953842
-50.0,1,9423.953897
-50.0,1,9425.121583
-50.0,1,9425.121639
-50.0,1,9426.280292
-50.0,1,9426.280348
-32.0,1,9428.028259
-50.0,1,9428.028319
-50.0,1,9429.202722
-50.0,1,9429.202769
-50.0,1,9430.37875
-50.0,1,9430.378808
-50.0,1,9431.625974
-50.0,1,9431.626034
-50.0,1,9432.827467
-50.0,1,9432.827524
-50.0,1,9434.919518
-32.0,1,9434.919576
-50.0,1,9436.048402
-50.0,1,9436.048458
-50.0,1,9437.268953
-50.0,1,9437.269008
-50.0,1,9438.462097
-50.0,1,9438.462168
-50.0,1,9440.73694
-32.0,1,9442.817141
-44.0,2,9442.817243
-50.0,1,9444.883861
-32.0,1,9444.883962
-50.0,1,9448.286969
-38.0,1,9448.28702
-50.0,1,9450.291055
-32.0,1,9450.291105
-50.0,1,9451.460843
-50.0,1,9451.46091
-50.0,1,9452.623756
-50.0,1,9452.623856
-50.0,1,9453.818658
-50.0,1,9453.818717
-50.0,1,9454.98608
-50.0,1,9454.986139
-50.0,1,9456.181282
-50.0,1,9456.18134
-50.0,1,9458.02715
-38.0,2,9459.221551
-50.0,1,9459.221612
-32.0,1,9460.97161
-50.0,1,9460.971665
-50.0,1,9462.163331
-50.0,1,9462.163387
-50.0,1,9463.354012
-50.0,1,9463.354077
-50.0,1,9464.527781
-50.0,1,9464.527839
-50.0,1,9465.678035
-50.0,1,9465.678098
-50.0,1,9466.855628
-50.0,1,9466.855695
-35.0,1,9470.084576
-50.0,1,9470.084673
-50.0,1,9473.010471
-47.0,2,9474.129461
-50.0,1,9474.129518
-50.0,1,9475.21563
-50.0,1,9475.215691
-50.0,1,9476.346843
-50.0,1,9476.346897
-50.0,1,9477.483224
-50.0,1,9477.483284
-50.0,1,9478.708196
-50.0,1,9478.708252
-32.0,1,9480.455404
-50.0,1,9480.455461
-50.0,1,9482.120659
-32.0,1,9482.120718
-32.0,1,9483.895807
-50.0,1,9483.895873
-50.0,1,9485.143713
-50.0,1,9485.143773
-32.0,1,9487.015915
-50.0,1,9487.015973
-50.0,1,9488.164305
-50.0,1,9488.164368
-50.0,1,9489.407538
-50.0,1,9489.407591
-50.0,1,9491.18516
-50.0,1,9491.185231
-50.0,1,9492.440216
-50.0,1,9492.440273
-50.0,1,9493.628945
-50.0,1,9493.628997
-50.0,1,9494.817362
-50.0,1,9494.817421
-50.0,1,9495.982831
-50.0,1,9495.98289
-50.0,1,9497.796796
-32.0,1,9497.796852
-50.0,1,9498.951258
-50.0,1,9498.951321
-50.0,1,9500.132253
-50.0,1,9500.132316
-32.0,1,9501.973859
-50.0,1,9501.973917
-50.0,1,9503.277821
-50.0,1,9503.277878
-50.0,1,9504.505601
-50.0,1,9504.505655
-50.0,1,9505.748127
-50.0,1,9505.74819
-50.0,1,9506.95038
-50.0,1,9506.95044
-50.0,1,9508.743185
-38.0,2,9509.905206
-50.0,1,9509.905261
-32.0,1,9511.689791
-50.0,1,9511.689848
-50.0,1,9512.823988
-50.0,1,9512.824044
-50.0,1,9513.974904
-50.0,1,9513.974976
-50.0,1,9515.11008
-50.0,1,9515.110141
-32.0,1,9516.80731
-50.0,1,9516.807366
-50.0,1,9517.962523
-50.0,1,9517.962583
-35.0,1,9519.939842
-50.0,1,9519.93991
-50.0,1,9521.649604
-32.0,1,9521.64966
-50.0,1,9522.753259
-50.0,1,9522.753314
-50.0,1,9524.753073
-44.0,2,9525.790341
-50.0,1,9525.790397
-50.0,1,9526.900901
-50.0,1,9526.90096
-50.0,1,9528.035653
-50.0,1,9528.035712
-50.0,1,9529.113444
-50.0,1,9529.113492
-50.0,1,9530.202808
-50.0,1,9530.202863
-50.0,1,9531.295698
-50.0,1,9531.295754
-50.0,1,9533.046552
-29.0,1,9533.046612
-50.0,1,9534.138352
-50.0,1,9534.138409
-50.0,1,9535.239515
-50.0,1,9535.239572
-50.0,1,9536.356934
-50.0,1,9536.35699
-50.0,1,9537.496224
-50.0,1,9537.496278
-50.0,1,9538.649725
-50.0,1,9538.649783
-50.0,1,9539.75801
-50.0,1,9539.758067
-50.0,1,9540.83503
-50.0,1,9540.835088
-50.0,1,9542.989673
-44.0,2,9544.103871
-50.0,1,9544.103929
-50.0,1,9545.17809
-50.0,1,9545.178148
-50.0,1,9546.281823
-50.0,1,9546.281886
-50.0,1,9547.411392
-50.0,1,9547.41144
-50.0,1,9548.585492
-50.0,1,9548.585544
-50.0,1,9549.717611
-50.0,1,9549.717683
-50.0,1,9551.093429
-50.0,1,9551.093487
-50.0,1,9552.845414
-50.0,1,9553.996851
-35.0,2,9553.996915
-50.0,1,9555.74236
-32.0,1,9555.742417
-50.0,1,9556.878689
-50.0,1,9556.878745
-50.0,1,9558.009987
-50.0,1,9558.010055
-50.0,1,9559.157427
-50.0,1,9559.157492
-50.0,1,9560.386199
-50.0,1,9560.386263
-50.0,1,9561.567244
-50.0,1,9561.56731
-50.0,1,9563.419851
-32.0,1,9563.419907
-50.0,1,9564.615421
-50.0,1,9564.61549
-50.0,1,9565.834278
-50.0,1,9565.834354
-50.0,1,9566.981945
-50.0,1,9566.982002
-50.0,1,9568.252591
-50.0,1,9568.25264
-32.0,1,9570.227241
-50.0,1,9570.227309
-50.0,1,9571.429451
-50.0,1,9571.429517
-32.0,1,9573.718862
-50.0,1,9573.718944
-50.0,1,9575.932152
-50.0,1,9575.932236
-50.0,1,9578.827775
-8.0,2,9581.490824
-50.0,1,9581.49089
-32.0,1,9583.839323
-50.0,1,9583.839381
-50.0,1,9585.408225
-50.0,1,9585.408314
-50.0,1,9587.284633
-32.0,1,9587.284689
-50.0,1,9588.48676
-50.0,1,9588.486828
-50.0,1,9589.609453
-50.0,1,9589.609521
-50.0,1,9590.732001
-50.0,1,9590.732062
-50.0,1,9591.91294
-50.0,1,9591.912996
-50.0,1,9593.552449
-38.0,2,9594.643569
-50.0,1,9594.643625
-50.0,1,9595.756351
-50.0,1,9595.756407
-32.0,1,9597.477461
-50.0,1,9597.477521
-50.0,1,9598.763088
-50.0,1,9598.763148
-50.0,1,9601.01529
-32.0,1,9602.652313
-44.0,2,9602.652373
-50.0,1,9604.373297
-50.0,1,9604.373395
-50.0,1,9606.454843
-50.0,1,9606.454913
-50.0,1,9608.233687
-50.0,1,9608.233787
-50.0,1,9609.824223
-50.0,1,9609.824283
-50.0,1,9611.852929
-32.0,1,9611.852986
-50.0,1,9613.640768
-50.0,1,9613.640822
-50.0,1,9615.805933
-50.0,1,9615.806028
-50.0,1,9617.769819
-50.0,1,9617.769876
-50.0,1,9619.574477
-50.0,1,9619.574542
-50.0,1,9621.498108
-50.0,1,9621.498166
-32.0,1,9624.002493
-50.0,1,9624.002598
-50.0,1,9625.829332
-50.0,1,9625.82944
-50.0,1,9628.150118
-50.0,1,9629.55885
-44.0,2,9629.558937
-50.0,1,9631.547645
-50.0,1,9631.547745
-50.0,1,9634.839607
-35.0,1,9634.839699
-50.0,1,9637.40967
-29.0,1,9637.409763
-32.0,1,9639.332237
-50.0,1,9639.332295
-50.0,1,9640.453788
-50.0,1,9640.453846
-50.0,1,9642.273551
-2.0,2,9643.89797
-50.0,1,9643.898026
-50.0,1,9645.021069
-50.0,1,9645.021124
-50.0,1,9646.184092
-50.0,1,9646.18415
-50.0,1,9647.331466
-50.0,1,9647.331522
-50.0,1,9648.478028
-50.0,1,9648.4781
-50.0,1,9649.797882
-50.0,1,9649.797944
-50.0,1,9651.759501
-50.0,1,9653.418817
-2.0,2,9653.418887
-32.0,1,9655.250212
-50.0,1,9655.250285
-50.0,1,9656.443528
-50.0,1,9656.443588
-50.0,1,9657.668154
-50.0,1,9657.668213
-50.0,1,9658.920293
-50.0,1,9658.920351
-32.0,1,9660.827714
-50.0,1,9660.827772
-50.0,1,9662.725963
-50.0,1,9664.203647
-38.0,2,9664.203711
-50.0,1,9665.802807
-32.0,1,9665.802865
-50.0,1,9668.216509
-44.0,2,9669.836966
-50.0,1,9669.837019
-50.0,1,9671.473715
-50.0,1,9671.473773
-32.0,1,9673.307346
-50.0,1,9673.307402
-50.0,1,9674.481839
-50.0,1,9674.481895
-50.0,1,9675.9668
-50.0,1,9675.966898
-50.0,1,9677.974903
-50.0,1,9677.974973
-50.0,1,9679.354798
-50.0,1,9679.354856
-50.0,1,9681.115031
-32.0,1,9681.115083
-50.0,1,9682.314944
-50.0,1,9682.31501
-50.0,1,9683.518284
-50.0,1,9683.518348
-50.0,1,9684.699616
-50.0,1,9684.699673
-50.0,1,9685.895125
-50.0,1,9685.89518
-50.0,1,9687.998117
-44.0,2,9689.5349
-50.0,1,9689.534969
-50.0,1,9691.031079
-50.0,1,9691.031168
-50.0,1,9692.832945
-50.0,1,9692.833003
-50.0,1,9694.577276
-35.0,1,9694.577346
-50.0,1,9695.729259
-50.0,1,9695.729317
-50.0,1,9696.803453
-50.0,1,9696.803508
-50.0,1,9697.900141
-50.0,1,9697.900198
-32.0,1,9699.574851
-50.0,1,9699.574908
-50.0,1,9700.699142
-50.0,1,9700.699212
-50.0,1,9701.897298
-50.0,1,9701.897353
-50.0,1,9703.047373
-50.0,1,9703.047436
-50.0,1,9704.354563
-50.0,1,9704.35462
-50.0,1,9705.445931
-50.0,1,9705.445992
-50.0,1,9706.614009
-50.0,1,9706.614065
-50.0,1,9707.697825
-50.0,1,9707.69788
-50.0,1,9708.848937
-50.0,1,9708.848994
-50.0,1,9709.976102
-50.0,1,9709.976153
-50.0,1,9711.109522
-50.0,1,9711.10957
-50.0,1,9713.169896
-44.0,2,9714.343971
-50.0,1,9714.344027
-50.0,1,9715.972407
-10.0,2,9718.154075
-50.0,1,9718.154133
-50.0,1,9719.349449
-50.0,1,9719.349506
-50.0,1,9720.496812
-50.0,1,9720.496879
-50.0,1,9721.644875
-50.0,1,9721.644938
-50.0,1,9722.811157
-50.0,1,9722.811212
-50.0,1,9723.969961
-50.0,1,9723.970026
-50.0,1,9725.234906
-50.0,1,9725.234963
-50.0,1,9726.692139
-50.0,1,9726.692219
-50.0,1,9727.905487
-50.0,1,9727.905543
-50.0,1,9729.032265
-50.0,1,9729.032322
-50.0,1,9730.362875
-50.0,1,9730.362935
-50.0,1,9731.609332
-50.0,1,9731.609399
-50.0,1,9732.734026
-50.0,1,9732.734085
-50.0,1,9733.861343
-50.0,1,9733.861415
-50.0,1,9735.003029
-50.0,1,9735.003086
-50.0,1,9736.128456
-50.0,1,9736.128524
-50.0,1,9737.332498
-50.0,1,9737.332557
-50.0,1,9739.089925
-50.0,1,9740.218945
-35.0,2,9740.219
-50.0,1,9742.047
-50.0,1,9743.622304
-2.0,2,9743.622367
-50.0,1,9745.3952
-32.0,1,9745.39526
-50.0,1,9746.503347
-50.0,1,9746.50341
-50.0,1,9747.621493
-50.0,1,9747.621549
-50.0,1,9748.724183
-50.0,1,9748.72425
-50.0,1,9749.873638
-50.0,1,9749.873691
-50.0,1,9751.518267
-32.0,1,9751.518327
-50.0,1,9752.921735
-50.0,1,9752.921791
-32.0,1,9754.664111
-50.0,1,9754.664167
-50.0,1,9755.843047
-50.0,1,9755.843103
-50.0,1,9757.563452
-50.0,1,9758.591938
-35.0,2,9758.592
-50.0,1,9759.701774
-50.0,1,9759.701831
-50.0,1,9761.530086
-32.0,1,9761.530143
-50.0,1,9763.308707
-50.0,1,9763.308769
-50.0,1,9765.316572
-50.0,1,9765.316666
-50.0,1,9767.409508
-50.0,1,9767.40957
-50.0,1,9769.134138
-50.0,1,9769.13424
-50.0,1,9771.499338
-8.0,2,9773.310717
-50.0,1,9773.310775
-32.0,1,9775.010792
-50.0,1,9775.010859
-50.0,1,9776.12261
-50.0,1,9776.122667
-50.0,1,9777.861045
-32.0,1,9777.861104
-50.0,1,9778.9699
-50.0,1,9778.969957
-50.0,1,9780.083788
-50.0,1,9780.083845
-50.0,1,9781.924178
-50.0,1,9783.595589
-2.0,2,9783.595649
-50.0,1,9785.306048
-32.0,1,9785.306118
-50.0,1,9786.412172
-50.0,1,9786.412238
-50.0,1,9787.537194
-50.0,1,9787.537253
-50.0,1,9788.66835
-50.0,1,9788.668413
-50.0,1,9789.849331
-50.0,1,9789.849389
-50.0,1,9790.97151
-50.0,1,9790.971567
-50.0,1,9792.105806
-50.0,1,9792.105858
-50.0,1,9793.253651
-50.0,1,9793.253707
-50.0,1,9794.365854
-50.0,1,9794.365913
-50.0,1,9795.510683
-50.0,1,9795.510743
-50.0,1,9796.657419
-50.0,1,9796.657475
-50.0,1,9797.803004
-50.0,1,9797.803076
-50.0,1,9799.536187
-32.0,1,9799.536243
-50.0,1,9801.284643
-35.0,2,9803.182454
-32.0,1,9803.182535
-32.0,1,9805.233478
-50.0,1,9805.23355
-50.0,1,9806.64983
-50.0,1,9806.649888
-32.0,1,9808.458514
-50.0,1,9808.458589
-50.0,1,9809.680323
-50.0,1,9809.680408
-50.0,1,9811.439677
-50.0,1,9811.439734
-50.0,1,9812.60805
-50.0,1,9812.608108
-50.0,1,9813.750473
-50.0,1,9813.750533
-50.0,1,9816.065031
-44.0,2,9817.217151
-50.0,1,9817.217212
-50.0,1,9818.346328
-50.0,1,9818.346384
-50.0,1,9819.48319
-50.0,1,9819.483246
-50.0,1,9820.644537
-50.0,1,9820.644593
-50.0,1,9822.504912
-50.0,1,9824.245875
-2.0,2,9824.245939
-32.0,1,9826.852189
-41.0,2,9828.043205
-50.0,1,9828.043264
-50.0,1,9829.825771
-38.0,2,9830.916801
-50.0,1,9830.916866
-50.0,1,9832.005696
-50.0,1,9832.005759
-50.0,1,9833.102468
-50.0,1,9833.102519
-50.0,1,9834.190974
-50.0,1,9834.191026
-50.0,1,9835.337066
-50.0,1,9835.337124
-50.0,1,9836.493456
-50.0,1,9836.493515
-50.0,1,9837.631356
-50.0,1,9837.631413
-50.0,1,9838.774796
-50.0,1,9838.774854
-50.0,1,9839.928048
-50.0,1,9839.9281
-50.0,1,9841.084784
-50.0,1,9841.084846
-50.0,1,9842.276333
-50.0,1,9842.2764
-50.0,1,9843.431867
-50.0,1,9843.431926
-50.0,1,9844.616686
-50.0,1,9844.616793
-50.0,1,9845.813337
-50.0,1,9845.813398
-50.0,1,9846.984334
-50.0,1,9846.984393
-50.0,1,9848.159048
-50.0,1,9848.159106
-50.0,1,9850.517722
-50.0,1,9851.557711
-44.0,2,9851.557778
-50.0,1,9853.524142
-32.0,1,9856.090025
-2.0,2,9856.090079
-50.0,1,9857.848556
-50.0,1,9859.060153
-38.0,2,9859.060224
-50.0,1,9860.236153
-50.0,1,9860.236206
-32.0,1,9862.06988
-50.0,1,9862.069931
-50.0,1,9863.294949
-50.0,1,9863.295006
-50.0,1,9864.496397
-50.0,1,9864.496451
-50.0,1,9865.712659
-50.0,1,9865.712714
-50.0,1,9866.887692
-50.0,1,9866.88775
-50.0,1,9868.034354
-50.0,1,9868.03442
-50.0,1,9869.203626
-50.0,1,9869.203696
-50.0,1,9870.400525
-50.0,1,9870.400578
-50.0,1,9871.56457
-50.0,1,9871.564637
-50.0,1,9872.764874
-50.0,1,9872.76493
-50.0,1,9873.957596
-50.0,1,9873.957648
-50.0,1,9875.169626
-50.0,1,9875.169685
-50.0,1,9877.076961
-50.0,1,9877.077018
-50.0,1,9878.197248
-50.0,1,9878.197306
-50.0,1,9879.33898
-50.0,1,9879.339037
-50.0,1,9880.573835
-50.0,1,9880.573884
-50.0,1,9881.840654
-50.0,1,9881.840788
-32.0,1,9883.704834
-50.0,1,9883.704905
-50.0,1,9884.947532
-50.0,1,9884.947592
-50.0,1,9886.243582
-50.0,1,9886.243632
-50.0,1,9887.461471
-50.0,1,9887.461525
-50.0,1,9888.540915
-50.0,1,9888.540971
-50.0,1,9889.614386
-50.0,1,9889.614441
-50.0,1,9890.709899
-50.0,1,9890.709962
-50.0,1,9891.905312
-50.0,1,9891.905368
-50.0,1,9893.073565
-50.0,1,9893.073627
-50.0,1,9894.16944
-50.0,1,9894.169505
-50.0,1,9895.345781
-50.0,1,9895.345837
-50.0,1,9896.654602
-50.0,1,9896.654653
-50.0,1,9897.929339
-50.0,1,9897.929397
-50.0,1,9899.228116
-50.0,1,9899.228188
-50.0,1,9900.667504
-50.0,1,9900.667566
-50.0,1,9901.963729
-50.0,1,9901.9638
-50.0,1,9903.22801
-50.0,1,9903.228065
-50.0,1,9904.359725
-50.0,1,9904.359785
-50.0,1,9905.512424
-50.0,1,9905.512487
-50.0,1,9906.703496
-50.0,1,9906.703559
-50.0,1,9907.86682
-50.0,1,9907.866873
-50.0,1,9908.988221
-50.0,1,9908.98828
-32.0,1,9910.749842
-50.0,1,9910.749901
-50.0,1,9911.962293
-50.0,1,9911.962351
-50.0,1,9913.102836
-50.0,1,9913.102893
-50.0,1,9914.253999
-50.0,1,9914.254058
-50.0,1,9915.562105
-50.0,1,9915.562172
-50.0,1,9916.693972
-50.0,1,9916.694031
-50.0,1,9918.00958
-50.0,1,9918.009641
-50.0,1,9919.378237
-50.0,1,9919.378302
-50.0,1,9920.660315
-50.0,1,9920.660372
-50.0,1,9921.775201
-50.0,1,9921.775265
-50.0,1,9922.894721
-50.0,1,9922.894778
-50.0,1,9924.13562
-50.0,1,9924.135682
-50.0,1,9925.254914
-50.0,1,9925.254973
-50.0,1,9926.412967
-50.0,1,9926.413037
-50.0,1,9927.608721
-50.0,1,9927.608786
-2.0,2,9932.221984
-44.0,2,9932.222044
-50.0,1,9933.363352
-50.0,1,9933.363408
-50.0,1,9935.213712
-2.0,2,9936.875569
-50.0,1,9936.875624
-50.0,1,9938.033479
-50.0,1,9938.065951
-32.0,1,9939.767632
-50.0,1,9939.76769
-50.0,1,9940.879298
-50.0,1,9940.879357
-50.0,1,9942.006099
-50.0,1,9942.006154
-50.0,1,9943.133429
-50.0,1,9943.133486
-50.0,1,9944.270682
-50.0,1,9944.270738
-50.0,1,9945.50712
-50.0,1,9945.50721
-50.0,1,9947.147306
-50.0,1,9947.147404
-50.0,1,9949.356601
-50.0,1,9949.356694
-50.0,1,9950.700602
-50.0,1,9950.70066
-50.0,1,9951.840452
-50.0,1,9951.840523
-50.0,1,9952.979573
-50.0,1,9952.979628
-50.0,1,9954.129621
-50.0,1,9954.129673
-50.0,1,9956.031276
-2.0,2,9957.736265
-50.0,1,9957.73632
-50.0,1,9958.832799
-50.0,1,9958.832854
-50.0,1,9959.944099
-50.0,1,9959.944156
-50.0,1,9961.004487
-50.0,1,9961.004543
-50.0,1,9962.166056
-50.0,1,9962.16612
-50.0,1,9963.297431
-50.0,1,9963.297493
-50.0,1,9964.384532
-50.0,1,9964.384591
-50.0,1,9966.184101
-29.0,1,9966.184166
-50.0,1,9967.489234
-50.0,1,9967.489295
-50.0,1,9968.704006
-50.0,1,9968.704069
-50.0,1,9969.883694
-50.0,1,9969.8838
-50.0,1,9971.038532
-50.0,1,9971.038594
-50.0,1,9972.195458
-50.0,1,9972.195515
-50.0,1,9973.350887
-50.0,1,9973.350943
-50.0,1,9974.507854
-50.0,1,9974.507916
-50.0,1,9975.714915
-50.0,1,9975.714981
-50.0,1,9976.969239
-50.0,1,9976.969321
-50.0,1,9978.730734
-32.0,1,9978.730803
-50.0,1,9979.82905
-50.0,1,9979.82911
-50.0,1,9980.918948
-50.0,1,9980.919005
-50.0,1,9981.998193
-50.0,1,9981.998251
-50.0,1,9983.154435
-50.0,1,9983.154495
-50.0,1,9984.3478
-50.0,1,9984.347858
-50.0,1,9985.578495
-50.0,1,9985.578551
-50.0,1,9986.758852
-50.0,1,9986.758929
-50.0,1,9987.933191
-50.0,1,9987.933242
-50.0,1,9989.11723
-50.0,1,9989.117294
-50.0,1,9990.306607
-50.0,1,9990.306664
-50.0,1,9991.551537
-50.0,1,9991.551603
-50.0,1,9992.768513
-50.0,1,9992.768571
-50.0,1,9993.969946
-50.0,1,9993.969999
-50.0,1,9995.140029
-50.0,1,9995.140083
-50.0,1,9996.818633
-32.0,1,9996.818691
-50.0,1,9998.111985
-50.0,1,9998.112043
-32.0,1,9999.855777
-50.0,1,9999.855836
-50.0,1,10000.97417
-50.0,1,10000.974228
-50.0,1,10002.151898
-50.0,1,10002.151957
-50.0,1,10003.274646
-50.0,1,10003.274701
-50.0,1,10004.365906
-50.0,1,10004.365972
-50.0,1,10005.486686
-50.0,1,10005.486744
-50.0,1,10006.594254
-50.0,1,10006.594311
-50.0,1,10007.690109
-50.0,1,10007.690167
-50.0,1,10009.390728
-32.0,1,10009.390784
-50.0,1,10010.515196
-50.0,1,10010.515254
-50.0,1,10012.792673
-50.0,1,10014.137701
-44.0,2,10014.137763
-50.0,1,10015.263327
-50.0,1,10015.263383
-50.0,1,10016.474527
-50.0,1,10016.474585
-50.0,1,10017.596762
-50.0,1,10017.596819
-50.0,1,10018.785426
-50.0,1,10018.785488
-50.0,1,10019.951477
-50.0,1,10019.951533
-50.0,1,10021.06535
-50.0,1,10021.065405
-50.0,1,10022.230864
-50.0,1,10022.230936
-50.0,1,10023.438912
-50.0,1,10023.438961
-50.0,1,10024.560313
-50.0,1,10024.560378
-32.0,1,10026.458834
-50.0,1,10026.458901
-50.0,1,10027.602532
-50.0,1,10027.602588
-50.0,1,10028.68031
-50.0,1,10028.680367
-50.0,1,10029.776584
-50.0,1,10029.776644
-50.0,1,10030.972949
-50.0,1,10030.973006
-50.0,1,10032.637174
-32.0,1,10032.63723
-50.0,1,10033.775934
-50.0,1,10033.776001
-50.0,1,10034.90515
-50.0,1,10034.905206
-50.0,1,10036.029727
-50.0,1,10036.029782
-50.0,1,10037.168272
-50.0,1,10037.168327
-50.0,1,10038.30729
-50.0,1,10038.307346
-50.0,1,10039.41309
-50.0,1,10039.413146
-50.0,1,10041.133273
-35.0,2,10042.855918
-35.0,2,10044.572274
-50.0,1,10045.701175
-38.0,2,10045.701231
-50.0,1,10046.814487
-50.0,1,10046.814553
-50.0,1,10047.925566
-50.0,1,10047.925622
-50.0,1,10049.042887
-50.0,1,10049.042953
-50.0,1,10050.198928
-50.0,1,10050.198979
-50.0,1,10051.697797
-50.0,1,10051.697903
-50.0,1,10053.541975
-50.0,1,10053.542048
-50.0,1,10055.326142
-50.0,1,10055.326239
-50.0,1,10057.699762
-29.0,1,10057.699819
-50.0,1,10058.909891
-50.0,1,10058.909948
-50.0,1,10060.08227
-50.0,1,10060.082344
-50.0,1,10061.242254
-50.0,1,10061.242312
-50.0,1,10062.386265
-50.0,1,10062.386325
-50.0,1,10063.635663
-50.0,1,10063.63572
-50.0,1,10064.877787
-50.0,1,10064.877845
-32.0,1,10066.624893
-50.0,1,10066.624957
-50.0,1,10067.933906
-50.0,1,10067.933982
-50.0,1,10069.253793
-50.0,1,10069.253885
-50.0,1,10070.544936
-50.0,1,10070.544994
-50.0,1,10071.8204
-50.0,1,10071.820554
-50.0,1,10073.150774
-50.0,1,10073.15084
-50.0,1,10074.776688
-50.0,1,10075.902566
-35.0,2,10075.902625
-50.0,1,10077.826022
-50.0,1,10078.84554
-35.0,2,10078.845597
-50.0,1,10079.956831
-50.0,1,10079.95689
-50.0,1,10081.786353
-50.0,1,10083.377278
-2.0,2,10083.377339
-50.0,1,10085.332653
-32.0,1,10085.332709
-50.0,1,10086.638988
-50.0,1,10086.639058
-50.0,1,10088.091317
-50.0,1,10088.091382
-50.0,1,10089.448138
-50.0,1,10089.448195
-50.0,1,10090.653065
-50.0,1,10090.653137
-50.0,1,10091.875575
-50.0,1,10091.87563
-50.0,1,10093.077101
-50.0,1,10093.077175
-50.0,1,10094.320689
-50.0,1,10094.320742
-50.0,1,10095.634409
-50.0,1,10095.634502
-50.0,1,10096.816611
-50.0,1,10096.816668
-50.0,1,10099.148544
-44.0,2,10100.348098
-50.0,1,10100.348157
-50.0,1,10101.51547
-50.0,1,10101.515531
-50.0,1,10102.711938
-50.0,1,10102.712006
-50.0,1,10103.890697
-50.0,1,10103.890759
-32.0,1,10105.598385
-50.0,1,10105.598518
-50.0,1,10106.725183
-50.0,1,10106.72524
-50.0,1,10108.587648
-2.0,2,10110.159187
-50.0,1,10110.159245
-32.0,1,10111.872833
-50.0,1,10111.872892
-50.0,1,10113.073989
-50.0,1,10113.074046
-32.0,1,10114.990206
-50.0,1,10114.990266
-50.0,1,10116.364455
-50.0,1,10116.36451
-50.0,1,10117.651083
-50.0,1,10117.651139
-32.0,1,10119.850901
-50.0,1,10119.850958
-50.0,1,10121.716506
-50.0,1,10121.716595
-50.0,1,10124.176862
-35.0,1,10124.176955
-50.0,1,10125.612624
-50.0,1,10125.612716
-50.0,1,10127.065893
-50.0,1,10127.065964
-50.0,1,10129.119428
-50.0,1,10129.119505
-50.0,1,10131.100218
-50.0,1,10131.10027
-50.0,1,10132.978145
-32.0,1,10132.978207
-50.0,1,10134.121177
-50.0,1,10134.121239
-50.0,1,10135.291451
-50.0,1,10135.291521
-50.0,1,10136.48878
-50.0,1,10136.488836
-50.0,1,10137.662297
-50.0,1,10137.662353
-50.0,1,10139.457605
-50.0,1,10141.300469
-2.0,2,10141.300537
-32.0,1,10144.009613
-2.0,2,10145.600392
-50.0,1,10145.600462
-32.0,1,10147.824124
-50.0,1,10148.936013
-35.0,2,10148.93607
-50.0,1,10150.049232
-50.0,1,10150.049299
-50.0,1,10151.161962
-50.0,1,10151.162029
-50.0,1,10152.291268
-50.0,1,10152.291325
-50.0,1,10153.41703
-50.0,1,10153.417083
-50.0,1,10154.528854
-50.0,1,10154.528909
-50.0,1,10155.628999
-50.0,1,10155.629056
-50.0,1,10156.836641
-50.0,1,10156.836722
-50.0,1,10158.066119
-50.0,1,10158.066177
-50.0,1,10159.237972
-50.0,1,10159.238038
-50.0,1,10160.43903
-50.0,1,10160.43909
-32.0,1,10162.966591
-32.0,1,10162.966648
-50.0,1,10164.228913
-50.0,1,10164.228968
-32.0,1,10166.045012
-50.0,1,10166.045072
-50.0,1,10167.32891
-50.0,1,10167.328968
-50.0,1,10168.545745
-50.0,1,10168.54584
-50.0,1,10170.464816
-32.0,1,10170.464879
-50.0,1,10171.677341
-50.0,1,10171.677402
-50.0,1,10172.889429
-50.0,1,10172.889487
-50.0,1,10174.006215
-50.0,1,10174.006274
-50.0,1,10175.104881
-50.0,1,10175.104938
-50.0,1,10176.251253
-50.0,1,10176.251313
-50.0,1,10177.427843
-50.0,1,10177.4279
-50.0,1,10179.306589
-50.0,1,10181.127752
-2.0,2,10181.127808
-50.0,1,10183.144935
-35.0,1,10183.144992
-50.0,1,10184.21618
-50.0,1,10184.216244
-50.0,1,10185.291794
-50.0,1,10185.291867
-50.0,1,10186.422393
-50.0,1,10186.422485
-50.0,1,10187.55669
-50.0,1,10187.556748
-29.0,1,10189.268312
-50.0,1,10189.268374
-50.0,1,10190.411895
-50.0,1,10190.411955
-50.0,1,10192.137728
-38.0,2,10193.233139
-50.0,1,10193.233212
-50.0,1,10194.357158
-50.0,1,10194.35722
-50.0,1,10195.472716
-50.0,1,10195.472776
-50.0,1,10196.57302
-50.0,1,10196.573079
-50.0,1,10197.681674
-50.0,1,10197.681733
-50.0,1,10198.784925
-50.0,1,10198.784982
-50.0,1,10199.891349
-50.0,1,10199.891416
-50.0,1,10201.445253
-50.0,1,10201.445359
-50.0,1,10203.061734
-50.0,1,10203.061804
-50.0,1,10204.571629
-50.0,1,10204.571756
-50.0,1,10206.122936
-50.0,1,10206.123025
-50.0,1,10208.013676
-32.0,1,10209.681642
-38.0,2,10209.681703
-50.0,1,10210.797502
-50.0,1,10210.797559
-50.0,1,10211.971748
-50.0,1,10211.971797
-50.0,1,10213.107466
-50.0,1,10213.107527
-50.0,1,10214.254894
-50.0,1,10214.254952
-50.0,1,10215.462377
-50.0,1,10215.462435
-50.0,1,10216.60931
-50.0,1,10216.609372
-50.0,1,10217.712919
-50.0,1,10217.712993
-32.0,1,10219.50471
-50.0,1,10219.504766
-50.0,1,10220.606969
-50.0,1,10220.607024
-50.0,1,10222.382985
-38.0,2,10223.510783
-50.0,1,10223.51085
-50.0,1,10225.264905
-50.0,1,10226.372652
-38.0,2,10226.372709
-50.0,1,10227.481598
-50.0,1,10227.481655
-50.0,1,10228.579266
-50.0,1,10228.579322
-50.0,1,10229.670922
-50.0,1,10229.670978
-50.0,1,10230.809703
-50.0,1,10230.809771
-50.0,1,10231.974252
-50.0,1,10231.974312
-50.0,1,10233.149106
-50.0,1,10233.14916
-50.0,1,10235.25547
-44.0,2,10236.395694
-50.0,1,10236.395749
-50.0,1,10237.583486
-50.0,1,10237.583545
-32.0,1,10239.360591
-50.0,1,10239.360655
-50.0,1,10240.565009
-50.0,1,10240.565082
-50.0,1,10241.795671
-50.0,1,10241.795738
-50.0,1,10243.009958
-50.0,1,10243.010024
-50.0,1,10244.204736
-50.0,1,10244.204794
-50.0,1,10245.408315
-50.0,1,10245.408372
-50.0,1,10246.664786
-50.0,1,10246.66486
-50.0,1,10247.906178
-50.0,1,10247.906235
-50.0,1,10249.177787
-50.0,1,10249.177865
-50.0,1,10250.39599
-50.0,1,10250.396049
-50.0,1,10252.730204
-50.0,1,10253.86258
-44.0,2,10253.862637
-32.0,1,10255.716704
-50.0,1,10255.716765
-50.0,1,10256.939096
-50.0,1,10256.939174
-50.0,1,10258.281072
-50.0,1,10258.281131
-50.0,1,10259.38985
-50.0,1,10259.389924
-50.0,1,10260.515262
-50.0,1,10260.515317
-50.0,1,10261.65871
-50.0,1,10261.658768
-50.0,1,10262.832778
-50.0,1,10262.832829
-50.0,1,10263.994679
-50.0,1,10263.99474
-50.0,1,10265.133576
-50.0,1,10265.133655
-50.0,1,10266.485428
-50.0,1,10266.485486
-50.0,1,10267.62186
-50.0,1,10267.621917
-50.0,1,10268.763855
-50.0,1,10268.763933
-50.0,1,10270.00282
-50.0,1,10270.002878
-50.0,1,10271.182074
-50.0,1,10271.182131
-50.0,1,10272.364809
-50.0,1,10272.36487
-50.0,1,10273.592499
-50.0,1,10273.592556
-50.0,1,10274.766936
-50.0,1,10274.766999
-50.0,1,10276.199788
-50.0,1,10276.199885
-50.0,1,10278.008135
-50.0,1,10278.008214
-50.0,1,10279.690995
-50.0,1,10279.691094
-50.0,1,10281.178457
-50.0,1,10281.178513
-50.0,1,10282.855489
-50.0,1,10282.855596
-29.0,1,10286.325742
-50.0,1,10289.827195
19.0,2,10289.827252
-50.0,1,10292.086519
-35.0,1,10292.086576
-50.0,1,10293.223056
-50.0,1,10293.223117
-50.0,1,10294.335806
-50.0,1,10294.335873
-50.0,1,10295.473359
-50.0,1,10295.473418
-50.0,1,10296.614303
-50.0,1,10296.61436
-50.0,1,10297.866953
-50.0,1,10297.867014
-50.0,1,10299.096263
-50.0,1,10299.096326
-50.0,1,10300.231931
-50.0,1,10300.231991
-50.0,1,10301.497829
-50.0,1,10301.497884
-50.0,1,10302.738916
-50.0,1,10302.739037
-50.0,1,10304.655082
-32.0,1,10304.655149
-50.0,1,10305.878008
-50.0,1,10305.878064
-50.0,1,10307.020257
-50.0,1,10307.020317
-50.0,1,10308.131228
-50.0,1,10308.13129
-50.0,1,10309.233039
-50.0,1,10309.233103
-50.0,1,10310.36265
-50.0,1,10310.362709
-50.0,1,10311.740331
-50.0,1,10311.740396
-50.0,1,10312.909863
-50.0,1,10312.909915
-50.0,1,10314.080801
-50.0,1,10314.080864
-50.0,1,10315.240819
-50.0,1,10315.240886
-50.0,1,10316.417662
-50.0,1,10316.417723
-50.0,1,10317.532341
-50.0,1,10317.532408
-50.0,1,10318.66028
-50.0,1,10318.660353
-50.0,1,10319.873704
-50.0,1,10319.87376
-50.0,1,10321.011225
-50.0,1,10321.011283
-50.0,1,10322.794129
-32.0,1,10322.794187
-50.0,1,10323.967391
-50.0,1,10323.967448
-50.0,1,10325.237214
-50.0,1,10325.237281
-50.0,1,10326.481208
-50.0,1,10326.481264
-50.0,1,10327.615117
-50.0,1,10327.615173
-50.0,1,10328.745983
-50.0,1,10328.746047
-50.0,1,10330.523591
-50.0,1,10330.523685
-50.0,1,10332.37057
-50.0,1,10332.370672
-50.0,1,10334.369196
-50.0,1,10334.36929
-50.0,1,10336.191539
-50.0,1,10336.191666
-50.0,1,10338.145063
-50.0,1,10338.145142
-50.0,1,10340.156545
-50.0,1,10340.15664
-50.0,1,10341.821663
-50.0,1,10341.82174
-50.0,1,10343.462393
-50.0,1,10343.46246
-50.0,1,10345.121957
-50.0,1,10345.122045
-50.0,1,10346.796956
-50.0,1,10346.797031
-50.0,1,10348.565015
-50.0,1,10348.565112
-50.0,1,10350.346478
-50.0,1,10350.346578
-50.0,1,10352.246902
-50.0,1,10352.246958
-50.0,1,10353.92942
-50.0,1,10353.929527
-50.0,1,10355.850309
-50.0,1,10355.850368
-50.0,1,10357.69064
-50.0,1,10357.690742
-50.0,1,10359.213042
-50.0,1,10359.213145
-50.0,1,10360.989681
-50.0,1,10360.989767
-50.0,1,10363.560667
-32.0,1,10363.56076
-50.0,1,10365.03938
-50.0,1,10365.039437
-50.0,1,10366.874959
-50.0,1,10366.875068
-50.0,1,10368.456429
-50.0,1,10368.456529
-50.0,1,10370.099262
-50.0,1,10370.099319
-50.0,1,10371.294185
-50.0,1,10371.294261
-50.0,1,10372.444221
-50.0,1,10372.444284
-50.0,1,10373.629117
-50.0,1,10373.629177
-50.0,1,10374.790587
-50.0,1,10374.790646
-50.0,1,10376.646754
-32.0,1,10376.646813
-50.0,1,10377.800481
-50.0,1,10377.800562
-50.0,1,10379.004132
-50.0,1,10379.004197
-50.0,1,10380.147972
-50.0,1,10380.148036
-50.0,1,10381.311145
-50.0,1,10381.311203
-50.0,1,10382.491494
-50.0,1,10382.49155
-50.0,1,10383.660161
-50.0,1,10383.660216
-50.0,1,10384.789258
-50.0,1,10384.789324
-32.0,1,10386.471472
-50.0,1,10386.471529
-50.0,1,10388.24893
-32.0,1,10388.248984
-50.0,1,10389.413972
-50.0,1,10389.41403
-50.0,1,10390.561232
-50.0,1,10390.561287
-50.0,1,10391.689024
-50.0,1,10391.689081
-50.0,1,10392.868454
-50.0,1,10392.868529
-32.0,1,10394.519685
-50.0,1,10394.519745
-50.0,1,10395.612665
-50.0,1,10395.612721
-50.0,1,10396.719092
-50.0,1,10396.719154
-44.0,2,10400.272401
-35.0,2,10400.272454
-50.0,1,10401.376735
-50.0,1,10401.376793
-50.0,1,10403.013596
-32.0,1,10403.013654
-50.0,1,10404.108278
-50.0,1,10404.108332
-50.0,1,10405.195487
-50.0,1,10405.195545
-50.0,1,10406.424986
-50.0,1,10406.425049
-50.0,1,10407.593058
-50.0,1,10407.593122
-50.0,1,10408.80714
-50.0,1,10408.807222
-32.0,1,10410.595696
-50.0,1,10410.595764
-50.0,1,10411.757274
-50.0,1,10411.757338
-50.0,1,10413.642377
-2.0,2,10415.280931
-50.0,1,10415.280987
-50.0,1,10417.067997
-32.0,1,10417.068138
-32.0,1,10418.856414
-50.0,1,10418.856481
-50.0,1,10420.027596
-50.0,1,10420.027654
-50.0,1,10421.19675
-50.0,1,10421.196806
-50.0,1,10422.374693
-50.0,1,10422.374754
-32.0,1,10424.126154
-50.0,1,10424.126209
-50.0,1,10425.291222
-50.0,1,10425.291277
-2.0,2,10430.640223
-2.0,2,10430.640279
-50.0,1,10432.424783
-32.0,1,10432.424841
-50.0,1,10433.536495
-50.0,1,10433.536556
-50.0,1,10434.628633
-50.0,1,10434.628688
-50.0,1,10435.758999
-50.0,1,10435.759056
-50.0,1,10436.882055
-50.0,1,10436.88211
-50.0,1,10437.965767
-50.0,1,10437.96583
-50.0,1,10439.065711
-50.0,1,10439.065777
-50.0,1,10440.165978
-50.0,1,10440.166044
-50.0,1,10441.278244
-50.0,1,10441.2783
-50.0,1,10442.461077
-50.0,1,10442.461148
-50.0,1,10444.096117
-50.0,1,10444.096168
-50.0,1,10445.846907
-32.0,1,10445.846967
-50.0,1,10447.023315
-50.0,1,10447.023378
-50.0,1,10448.211456
-50.0,1,10448.211516
-50.0,1,10449.40089
-50.0,1,10449.400945
-50.0,1,10450.59111
-50.0,1,10450.591161
-50.0,1,10452.479827
-38.0,2,10453.69187
-50.0,1,10453.691928
-50.0,1,10454.923317
-50.0,1,10454.923374
-32.0,1,10456.823542
-50.0,1,10456.823598
-50.0,1,10457.999731
-50.0,1,10457.99979
-50.0,1,10459.192887
-50.0,1,10459.192956
-50.0,1,10460.364543
-50.0,1,10460.364598
-50.0,1,10461.622543
-50.0,1,10461.62261
-50.0,1,10463.656073
-50.0,1,10463.656172
-50.0,1,10465.149532
-50.0,1,10465.149587
-50.0,1,10467.245183
-50.0,1,10468.666808
-41.0,2,10468.666879
-50.0,1,10470.534936
-32.0,1,10470.534994
-50.0,1,10471.781406
-50.0,1,10471.781466
-50.0,1,10473.06243
-50.0,1,10473.062497
-50.0,1,10474.351892
-50.0,1,10474.351958
-50.0,1,10475.595492
-50.0,1,10475.595547
-50.0,1,10476.883878
-50.0,1,10476.883939
-50.0,1,10478.161622
-50.0,1,10478.161681
-50.0,1,10479.392204
-50.0,1,10479.392262
-50.0,1,10480.565706
-50.0,1,10480.565753
-50.0,1,10481.710614
-50.0,1,10481.710671
-50.0,1,10482.839988
-50.0,1,10482.840045
-50.0,1,10483.981839
-50.0,1,10483.981895
-50.0,1,10485.134583
-50.0,1,10485.134639
-50.0,1,10486.844342
-32.0,1,10486.844407
-50.0,1,10487.982114
-50.0,1,10487.982172
-50.0,1,10489.122261
-50.0,1,10489.122317
-50.0,1,10490.855138
-32.0,1,10490.855194
-50.0,1,10492.00747
-50.0,1,10492.007541
-50.0,1,10493.144657
-50.0,1,10493.144715
-50.0,1,10494.270578
-50.0,1,10494.270636
-50.0,1,10495.416857
-50.0,1,10495.416928
-50.0,1,10496.575527
-50.0,1,10496.575593
-50.0,1,10497.739007
-50.0,1,10497.739067
-50.0,1,10499.45956
-38.0,2,10500.561604
-50.0,1,10500.561663
-50.0,1,10501.659532
-50.0,1,10501.659592
-50.0,1,10502.736431
-50.0,1,10502.73649
-50.0,1,10503.861834
-50.0,1,10503.861884
-50.0,1,10505.043089
-50.0,1,10505.043146
-50.0,1,10506.229582
-50.0,1,10506.229645
-32.0,1,10508.09399
-50.0,1,10508.094048
-50.0,1,10509.289086
-50.0,1,10509.289144
-50.0,1,10510.478065
-50.0,1,10510.478121
-50.0,1,10511.668917
-50.0,1,10511.668982
-50.0,1,10512.840989
-50.0,1,10512.841047
-50.0,1,10514.00317
-50.0,1,10514.003235
-32.0,1,10515.818857
-50.0,1,10515.81893
-50.0,1,10517.063075
-50.0,1,10517.063171
-50.0,1,10518.341104
-50.0,1,10518.341159
-50.0,1,10519.460526
-50.0,1,10519.460584
-50.0,1,10520.580542
-50.0,1,10520.580601
-50.0,1,10521.688816
-50.0,1,10521.688874
-50.0,1,10523.49212
-50.0,1,10525.079125
-2.0,2,10525.07919
-50.0,1,10527.250907
-32.0,1,10527.251008
-50.0,1,10529.016357
-50.0,1,10529.016414
-50.0,1,10530.165717
-50.0,1,10530.165775
-50.0,1,10531.318823
-50.0,1,10531.31888
-50.0,1,10533.147716
-50.0,1,10534.308615
-38.0,2,10534.308671
-50.0,1,10535.471141
-50.0,1,10535.471197
-50.0,1,10536.61486
-50.0,1,10536.614916
-50.0,1,10538.396534
-50.0,1,10539.508429
-38.0,2,10539.508498
-50.0,1,10540.63291
-50.0,1,10540.632967
-50.0,1,10542.233836
-50.0,1,10542.233931
-50.0,1,10544.096881
-50.0,1,10544.096941
-50.0,1,10546.291112
-50.0,1,10546.291207
-50.0,1,10548.393262
-50.0,1,10548.39336
-50.0,1,10550.563224
-50.0,1,10550.563313
-50.0,1,10552.690541
-50.0,1,10552.690638
-50.0,1,10555.059756
-50.0,1,10555.059844
-50.0,1,10557.267037
-50.0,1,10558.342057
-38.0,2,10558.342129
-50.0,1,10560.067776
-35.0,2,10561.805109
-38.0,2,10563.675131
-50.0,1,10565.926425
-2.0,2,10565.926525
-50.0,1,10567.67341
-50.0,1,10567.673502
-32.0,1,10569.83966
-50.0,1,10569.839711
-50.0,1,10571.400873
-50.0,1,10571.400932
-32.0,1,10574.027225
-50.0,1,10574.027324
-50.0,1,10575.878319
-50.0,1,10575.878401
-50.0,1,10577.938354
-50.0,1,10577.938453
-50.0,1,10579.850177
-50.0,1,10579.850285
-50.0,1,10582.031967
-29.0,1,10582.03202
-50.0,1,10583.729763
-50.0,1,10583.729837
-50.0,1,10585.47376
-50.0,1,10585.47383
-50.0,1,10587.091516
-50.0,1,10587.09161
-50.0,1,10589.274081
-50.0,1,10589.274188
-32.0,1,10591.546956
-50.0,1,10591.547024
-50.0,1,10593.720267
-50.0,1,10593.720321
-35.0,1,10595.958056
-35.0,1,10595.958115
-50.0,1,10598.81159
-50.0,1,10598.811647
-50.0,1,10599.958655
-50.0,1,10599.958711
-50.0,1,10601.090962
-50.0,1,10601.091021
-32.0,1,10602.834073
-50.0,1,10602.834141
-50.0,1,10604.598289
-50.0,1,10605.606611
-35.0,2,10605.606666
-50.0,1,10606.810578
-50.0,1,10606.810635
-50.0,1,10608.727414
-50.0,1,10609.877199
-35.0,2,10609.877263
-50.0,1,10611.749742
-50.0,1,10613.365099
-2.0,2,10613.365167
-50.0,1,10614.565141
-50.0,1,10614.565207
-50.0,1,10615.759817
-50.0,1,10615.759876
-50.0,1,10616.878079
-50.0,1,10616.881227
-50.0,1,10618.053157
-50.0,1,10618.053224
-50.0,1,10619.197928
-50.0,1,10619.197986
-50.0,1,10620.323522
-50.0,1,10620.32359
-50.0,1,10622.161654
-50.0,1,10623.709133
-2.0,2,10623.709192
-29.0,1,10625.987043
-50.0,1,10627.112787
-38.0,2,10627.112849
-50.0,1,10628.251365
-50.0,1,10628.251427
-50.0,1,10629.376209
-50.0,1,10629.376266
-50.0,1,10630.531994
-50.0,1,10630.532042
-50.0,1,10631.641687
-50.0,1,10631.641743
-50.0,1,10632.74814
-50.0,1,10632.748203
-50.0,1,10633.958507
-50.0,1,10633.958564
-50.0,1,10635.04673
-50.0,1,10635.046814
-50.0,1,10636.555684
-50.0,1,10636.55574
-35.0,1,10639.489183
-32.0,1,10639.489253
-50.0,1,10640.730105
-50.0,1,10640.73017
-50.0,1,10641.963729
-50.0,1,10641.963785
-50.0,1,10643.686586
-50.0,1,10643.686668
-50.0,1,10644.909045
-50.0,1,10644.909108
-50.0,1,10646.231308
-50.0,1,10646.23138
-50.0,1,10647.474604
-50.0,1,10647.474671
-50.0,1,10648.636585
-50.0,1,10648.636645
-50.0,1,10650.433794
-50.0,1,10651.730336
-38.0,2,10651.730397
-50.0,1,10652.932057
-50.0,1,10652.932114
-50.0,1,10654.630337
-50.0,1,10654.630434
-50.0,1,10656.100794
-50.0,1,10656.100876
-50.0,1,10657.655439
-50.0,1,10657.655506
-50.0,1,10659.568089
-50.0,1,10659.568188
-50.0,1,10661.231326
-50.0,1,10661.23143
-50.0,1,10663.235209
-50.0,1,10663.235294
-50.0,1,10665.310356
-50.0,1,10665.310456
-50.0,1,10667.679846
-32.0,1,10667.679907
-50.0,1,10668.823158
-50.0,1,10668.823217
-50.0,1,10670.067119
-50.0,1,10670.067177
-50.0,1,10671.239365
-50.0,1,10671.239424
-50.0,1,10673.023943
-32.0,1,10673.024001
-50.0,1,10674.871936
-2.0,2,10676.502127
-50.0,1,10676.502187
-50.0,1,10678.255793
-35.0,2,10679.395113
-50.0,1,10679.395167
-38.0,1,10681.594407
-50.0,1,10681.594468
-50.0,1,10682.744995
-50.0,1,10682.745053
-50.0,1,10683.869179
-50.0,1,10683.869233
-50.0,1,10685.028307
-50.0,1,10685.028363
-50.0,1,10686.191846
-50.0,1,10686.191911
-50.0,1,10687.337566
-50.0,1,10687.337625
-50.0,1,10688.508861
-50.0,1,10688.508918
-50.0,1,10689.669594
-50.0,1,10689.669647
-50.0,1,10690.817644
-50.0,1,10690.817708
-50.0,1,10692.00544
-50.0,1,10692.005497
-50.0,1,10693.153455
-50.0,1,10693.153514
-50.0,1,10694.348326
-50.0,1,10694.348385
-50.0,1,10695.521976
-50.0,1,10695.52204
-50.0,1,10696.716871
-50.0,1,10696.716942
-50.0,1,10697.940347
-50.0,1,10697.940403
-50.0,1,10699.012559
-50.0,1,10699.012643
-50.0,1,10700.152502
-50.0,1,10700.152557
-50.0,1,10701.45937
-50.0,1,10701.459439
-50.0,1,10702.59434
-50.0,1,10702.594396
-50.0,1,10703.717168
-50.0,1,10703.717225
-50.0,1,10704.874627
-50.0,1,10704.874692
-50.0,1,10705.964097
-50.0,1,10705.964157
-50.0,1,10707.063441
-50.0,1,10707.063497
-50.0,1,10708.754543
-50.0,1,10709.835832
-35.0,2,10709.835889
-50.0,1,10711.521141
-50.0,1,10712.647444
-35.0,2,10712.647504
-29.0,1,10715.122484
-50.0,1,10716.266324
-35.0,2,10716.266382
-50.0,1,10717.960655
-35.0,2,10719.076244
-50.0,1,10719.076299
-32.0,1,10720.704619
-50.0,1,10720.704675
-50.0,1,10722.378786
-50.0,1,10723.4814
-38.0,2,10723.481456
-50.0,1,10724.625376
-50.0,1,10724.625433
-50.0,1,10725.70454
-50.0,1,10725.704595
-50.0,1,10726.837521
-50.0,1,10726.837583
-50.0,1,10727.928892
-50.0,1,10727.928955
-50.0,1,10729.178743
-50.0,1,10729.178804
-50.0,1,10730.302065
-50.0,1,10730.302125
-50.0,1,10731.384565
-50.0,1,10731.384618
-50.0,1,10732.465755
-50.0,1,10732.465812
-50.0,1,10733.648783
-50.0,1,10733.648857
-50.0,1,10734.746449
-50.0,1,10734.746506
-50.0,1,10735.839235
-50.0,1,10735.839287
-32.0,1,10738.142837
-50.0,1,10739.136312
-35.0,2,10739.136368
-50.0,1,10740.280804
-50.0,1,10740.280863
-50.0,1,10742.001449
-50.0,1,10743.090336
-35.0,2,10743.090401
-50.0,1,10744.170948
-50.0,1,10744.171005
-50.0,1,10745.249812
-50.0,1,10745.249871
-50.0,1,10746.390792
-50.0,1,10746.390853
-50.0,1,10747.525561
-50.0,1,10747.525617
-50.0,1,10748.686494
-50.0,1,10748.686552
-50.0,1,10749.80624
-50.0,1,10749.806296
-50.0,1,10750.933945
-50.0,1,10750.934004
-50.0,1,10752.060682
-50.0,1,10752.060753
-50.0,1,10753.185144
-50.0,1,10753.185205
-50.0,1,10754.30624
-50.0,1,10754.306303
-50.0,1,10755.446167
-50.0,1,10755.446226
-50.0,1,10756.58252
-50.0,1,10756.582578
-50.0,1,10757.734016
-50.0,1,10757.734074
-50.0,1,10758.876356
-50.0,1,10758.876413
-50.0,1,10760.018642
-50.0,1,10760.018692
-50.0,1,10761.233677
-50.0,1,10761.233733
-50.0,1,10762.421431
-50.0,1,10762.421491
-50.0,1,10764.312109
-50.0,1,10765.920727
-2.0,2,10765.920807
-50.0,1,10767.833083
-32.0,1,10767.833157
-50.0,1,10769.02265
-50.0,1,10769.022714
-50.0,1,10770.393575
-50.0,1,10770.393631
-50.0,1,10771.588243
-50.0,1,10771.588301
-50.0,1,10773.07401
-50.0,1,10773.074083
-50.0,1,10774.250491
-50.0,1,10774.250554
-50.0,1,10775.410427
-50.0,1,10775.410484
-50.0,1,10776.576494
-50.0,1,10776.57655
-50.0,1,10777.764508
-50.0,1,10777.764576
-50.0,1,10778.954398
-50.0,1,10778.954453
-50.0,1,10780.354535
-50.0,1,10780.354595
-50.0,1,10781.590008
-50.0,1,10781.59007
-50.0,1,10782.784052
-50.0,1,10782.784119
-32.0,1,10784.801626
-50.0,1,10784.801703
-50.0,1,10786.383754
-50.0,1,10786.383811
-50.0,1,10787.597816
-50.0,1,10787.597878
-50.0,1,10788.762931
-50.0,1,10788.762999
-50.0,1,10789.885338
-50.0,1,10789.885392
-50.0,1,10791.028327
-50.0,1,10791.028391
-50.0,1,10792.808028
-38.0,2,10793.92427
-50.0,1,10793.924331
-50.0,1,10795.066901
-50.0,1,10795.066964
-50.0,1,10796.190065
-50.0,1,10796.19013
-50.0,1,10797.333218
-50.0,1,10797.333275
-32.0,1,10799.132354
-50.0,1,10799.132412
-50.0,1,10800.310972
-50.0,1,10800.31103
-50.0,1,10801.48612
-50.0,1,10801.486177
-50.0,1,10802.661356
-50.0,1,10802.661422
-50.0,1,10803.804159
-50.0,1,10803.804287
-50.0,1,10804.983701
-50.0,1,10804.983767
-50.0,1,10806.135763
-50.0,1,10806.135822
-50.0,1,10807.361821
-50.0,1,10807.361879
-50.0,1,10808.544677
-50.0,1,10808.544729
-32.0,1,10810.254337
-50.0,1,10810.254395
-50.0,1,10811.414436
-50.0,1,10811.414541
-50.0,1,10812.565598
-50.0,1,10812.565662
-50.0,1,10813.715207
-50.0,1,10813.715268
-50.0,1,10814.861227
-50.0,1,10814.861281
-50.0,1,10815.988806
-50.0,1,10815.988867
-32.0,1,10817.949962
-50.0,1,10817.950023
-50.0,1,10819.209113
-50.0,1,10819.209176
-50.0,1,10820.382135
-50.0,1,10820.382231
-50.0,1,10821.55254
-50.0,1,10821.552599
-50.0,1,10822.707263
-50.0,1,10822.707319
-50.0,1,10823.860207
-50.0,1,10823.860258
-50.0,1,10825.008561
-50.0,1,10825.00862
-50.0,1,10826.179415
-50.0,1,10826.179488
-50.0,1,10827.362131
-50.0,1,10827.362199
-50.0,1,10828.486376
-50.0,1,10828.486434
-50.0,1,10829.608421
-50.0,1,10829.608472
-50.0,1,10830.73782
-50.0,1,10830.737875
-50.0,1,10831.905268
-50.0,1,10831.905335
-50.0,1,10833.04621
-50.0,1,10833.046268
-50.0,1,10834.960317
-50.0,1,10836.757298
-2.0,2,10836.757361
-50.0,1,10838.49582
-32.0,1,10838.495876
-32.0,1,10840.148226
-50.0,1,10840.148286
-50.0,1,10841.291294
-50.0,1,10841.291353
-50.0,1,10842.417924
-50.0,1,10842.418
-50.0,1,10843.54491
-50.0,1,10843.544966
-50.0,1,10845.142426
-50.0,1,10845.142482
-50.0,1,10846.537264
-50.0,1,10846.537357
-50.0,1,10848.33515
-50.0,1,10848.335212
-50.0,1,10850.266265
-50.0,1,10850.266366
-50.0,1,10852.325306
-50.0,1,10852.325358
-50.0,1,10854.092585
-50.0,1,10854.092635
-50.0,1,10855.315848
-50.0,1,10855.315915
-50.0,1,10856.57813
-50.0,1,10856.57819
-50.0,1,10857.80975
-50.0,1,10857.809806
-50.0,1,10860.025353
-32.0,1,10860.025412
-50.0,1,10861.285598
-50.0,1,10861.285678
-50.0,1,10862.448989
-50.0,1,10862.449081
-50.0,1,10863.819136
-50.0,1,10863.819197
-50.0,1,10865.835425
-32.0,1,10865.835511
-50.0,1,10867.029609
-50.0,1,10867.029666
-50.0,1,10868.349238
-50.0,1,10868.3493
-50.0,1,10869.574885
-50.0,1,10869.574941
-50.0,1,10870.86163
-50.0,1,10870.861725
-50.0,1,10872.217458
-50.0,1,10872.217533
-50.0,1,10873.506154
-50.0,1,10873.50621
-50.0,1,10874.678022
-50.0,1,10874.678077
-50.0,1,10875.84007
-50.0,1,10875.840125
-50.0,1,10877.056855
-50.0,1,10877.056911
-50.0,1,10878.24726
-50.0,1,10878.247319
-50.0,1,10879.430183
-50.0,1,10879.430251
-50.0,1,10880.58801
-50.0,1,10880.588068
-50.0,1,10882.30998
-32.0,1,10882.310046
-50.0,1,10883.451284
-50.0,1,10883.45135
-50.0,1,10884.570577
-50.0,1,10884.570633
-50.0,1,10885.72039
-50.0,1,10885.720448
-50.0,1,10886.895075
-50.0,1,10886.89514
-50.0,1,10888.683633
-35.0,2,10890.551537
-50.0,1,10892.299252
-2.0,2,10892.299313
-50.0,1,10893.979234
-32.0,1,10893.979289
-50.0,1,10895.16031
-50.0,1,10895.160365
-50.0,1,10896.274673
-50.0,1,10896.274738
-50.0,1,10897.423206
-50.0,1,10897.423263
-50.0,1,10898.565812
-50.0,1,10898.565871
-50.0,1,10899.727993
-50.0,1,10899.72805
-50.0,1,10900.976418
-50.0,1,10900.976476
-32.0,1,10902.817048
-50.0,1,10902.817115
-50.0,1,10903.994518
-50.0,1,10903.994576
-50.0,1,10905.16547
-50.0,1,10905.165527
-50.0,1,10907.013884
-2.0,2,10908.698038
-50.0,1,10908.698099
-32.0,1,10911.143174
-32.0,1,10911.14323
-50.0,1,10912.396561
-50.0,1,10912.39662
-50.0,1,10914.006235
-50.0,1,10914.006318
-50.0,1,10915.984417
-50.0,1,10915.984507
-50.0,1,10917.640909
-50.0,1,10917.640967
-50.0,1,10918.75744
-50.0,1,10918.757497
-50.0,1,10919.921817
-50.0,1,10919.921892
-50.0,1,10921.22153
-50.0,1,10921.221588
-50.0,1,10922.45686
-50.0,1,10922.456918
-35.0,1,10924.987424
-32.0,1,10924.987478
-50.0,1,10926.164243
-50.0,1,10926.164314
-50.0,1,10927.256051
-50.0,1,10927.256109
-50.0,1,10928.39391
-50.0,1,10928.393967
-50.0,1,10929.506707
-50.0,1,10929.50677
-50.0,1,10930.61202
-50.0,1,10930.612077
-50.0,1,10931.731239
-50.0,1,10931.731295
-50.0,1,10932.913852
-50.0,1,10932.913906
-50.0,1,10934.044394
-50.0,1,10934.044454
-50.0,1,10935.143111
-50.0,1,10935.143167
-50.0,1,10936.283719
-50.0,1,10936.283779
-50.0,1,10937.405943
-50.0,1,10937.406011
-50.0,1,10938.489489
-50.0,1,10938.489543
-32.0,1,10940.178988
-50.0,1,10940.179054
-50.0,1,10941.29054
-50.0,1,10941.290594
-32.0,1,10942.978721
-50.0,1,10942.978775
-50.0,1,10944.15373
-50.0,1,10944.153797
-50.0,1,10945.287409
-50.0,1,10945.287464
-50.0,1,10946.43121
-50.0,1,10946.431267
-50.0,1,10947.649051
-50.0,1,10947.649115
-32.0,1,10949.484575
-50.0,1,10949.484632
-50.0,1,10950.615907
-50.0,1,10950.615972
-50.0,1,10951.837915
-50.0,1,10951.837972
-50.0,1,10953.078386
-50.0,1,10953.078444
-50.0,1,10954.246719
-50.0,1,10954.246796
-50.0,1,10956.172903
-2.0,2,10957.877255
-50.0,1,10957.877309
-50.0,1,10959.536545
-32.0,1,10959.536602
-50.0,1,10960.687974
-50.0,1,10960.688031
-50.0,1,10961.839305
-50.0,1,10961.839363
-50.0,1,10962.964685
-50.0,1,10962.964742
-50.0,1,10964.101324
-50.0,1,10964.10139
-50.0,1,10965.184653
-50.0,1,10965.184709
-50.0,1,10966.277626
-50.0,1,10966.277683
-50.0,1,10967.444694
-50.0,1,10967.444749
-50.0,1,10968.597136
-50.0,1,10968.5972
-50.0,1,10969.755723
-50.0,1,10969.75578
-50.0,1,10971.478644
-32.0,1,10971.478743
-50.0,1,10972.610326
-50.0,1,10972.610388
-50.0,1,10973.746865
-50.0,1,10973.746923
-50.0,1,10974.88633
-50.0,1,10974.886393
-50.0,1,10976.039137
-50.0,1,10976.039191
-50.0,1,10977.200778
-50.0,1,10977.200833
-32.0,1,10979.463717
-32.0,1,10979.463779
-50.0,1,10980.617326
-50.0,1,10980.617384
-50.0,1,10981.77171
-50.0,1,10981.771775
-50.0,1,10982.91965
-50.0,1,10982.919713
-50.0,1,10984.093513
-50.0,1,10984.09357
-32.0,1,10985.902278
-50.0,1,10985.902339
-50.0,1,10987.096215
-50.0,1,10987.096287
-50.0,1,10988.278147
-50.0,1,10988.278206
-50.0,1,10990.158438
-32.0,1,10990.158505
-50.0,1,10991.354064
-50.0,1,10991.354121
-50.0,1,10992.547234
-50.0,1,10992.547292
-50.0,1,10993.763633
-50.0,1,10993.76371
-50.0,1,10994.965355
-50.0,1,10994.965417
-50.0,1,10996.19107
-50.0,1,10996.19113
-50.0,1,10997.410661
-50.0,1,10997.410718
-50.0,1,10998.607168
-50.0,1,10998.607232
-50.0,1,10999.803027
-50.0,1,10999.803085
-50.0,1,11001.003937
-50.0,1,11001.003998
-50.0,1,11002.154054
-50.0,1,11002.154111
-50.0,1,11003.233285
-50.0,1,11003.233342
-50.0,1,11004.324305
-50.0,1,11004.324364
-50.0,1,11005.420671
-50.0,1,11005.420729
-50.0,1,11006.527838
-50.0,1,11006.527896
-50.0,1,11007.664759
-50.0,1,11007.664821
-32.0,1,11009.315197
-50.0,1,11009.315254
-50.0,1,11010.419213
-50.0,1,11010.419274
-50.0,1,11011.533948
-50.0,1,11011.534005
-50.0,1,11012.642265
-50.0,1,11012.642321
-50.0,1,11013.753335
-50.0,1,11013.753392
-50.0,1,11014.856788
-50.0,1,11014.856841
-50.0,1,11015.999493
-50.0,1,11015.999547
-50.0,1,11017.099314
-50.0,1,11017.099376
-50.0,1,11018.849595
-32.0,1,11018.849654
-50.0,1,11020.031133
-50.0,1,11020.031189
-50.0,1,11021.114809
-50.0,1,11021.11486
-50.0,1,11022.217032
-50.0,1,11022.217086
-50.0,1,11023.333972
-50.0,1,11023.334033
-50.0,1,11024.416176
-50.0,1,11024.416237
-50.0,1,11025.53401
-50.0,1,11025.534075
-50.0,1,11027.334736
-2.0,2,11028.908713
-50.0,1,11028.908767
-50.0,1,11030.047513
-50.0,1,11030.047579
-50.0,1,11031.231558
-50.0,1,11031.231613
-50.0,1,11032.311964
-50.0,1,11032.31202
-50.0,1,11033.400549
-50.0,1,11033.400609
-50.0,1,11034.556037
-50.0,1,11034.556113
-50.0,1,11035.700287
-50.0,1,11035.700349
-50.0,1,11036.787968
-50.0,1,11036.788022
-50.0,1,11037.890183
-50.0,1,11037.890246
-50.0,1,11039.000556
-50.0,1,11039.000617
-50.0,1,11040.108271
-50.0,1,11040.108327
-50.0,1,11041.206456
-50.0,1,11041.206513
-50.0,1,11042.354115
-50.0,1,11042.35417
-50.0,1,11043.525557
-50.0,1,11043.525609
-50.0,1,11045.37093
-50.0,1,11047.032616
-2.0,2,11047.032671
-50.0,1,11048.87533
-50.0,1,11050.551809
-2.0,2,11050.551863
-50.0,1,11051.715952
-50.0,1,11051.716007
-50.0,1,11052.935125
-50.0,1,11052.935187
-50.0,1,11054.186974
-50.0,1,11054.187051
-50.0,1,11056.641839
-44.0,2,11057.770299
-50.0,1,11057.770355
-50.0,1,11059.909095
-32.0,1,11059.909149
-38.0,1,11062.443434
-50.0,1,11062.443516
-50.0,1,11064.498169
-32.0,1,11064.498246
-50.0,1,11065.764648
-50.0,1,11065.764712
-32.0,1,11067.409656
-50.0,1,11067.409723
-50.0,1,11069.42635
-50.0,1,11069.426434
-32.0,1,11071.818851
-50.0,1,11071.818946
-50.0,1,11073.904875
-50.0,1,11073.904974
-50.0,1,11075.843217
-50.0,1,11075.843294
-50.0,1,11077.186328
-50.0,1,11077.186385
-50.0,1,11078.353338
-50.0,1,11078.353393
-50.0,1,11079.941898
-50.0,1,11079.941985
-50.0,1,11081.424393
-50.0,1,11081.42445
-50.0,1,11082.600775
-50.0,1,11082.600851
-50.0,1,11083.769876
-50.0,1,11083.769937
-50.0,1,11084.898574
-50.0,1,11084.898632
-50.0,1,11086.020472
-50.0,1,11086.020532
-50.0,1,11087.164886
-50.0,1,11087.16733
-50.0,1,11088.297517
-50.0,1,11088.297575
-50.0,1,11089.441836
-50.0,1,11089.441893
-50.0,1,11090.578743
-50.0,1,11090.5788
-50.0,1,11091.703556
-50.0,1,11091.703615
-50.0,1,11093.167612
-50.0,1,11093.167669
-50.0,1,11094.379818
-50.0,1,11094.379875
-50.0,1,11095.590569
-50.0,1,11095.590635
-50.0,1,11098.463961
-50.0,1,11101.291609
-8.0,2,11101.291667
-50.0,1,11102.481937
-50.0,1,11102.482
-50.0,1,11103.605925
-50.0,1,11103.605984
-50.0,1,11104.717612
-50.0,1,11104.717673
-50.0,1,11105.832349
-50.0,1,11105.832411
-32.0,1,11107.456318
-50.0,1,11107.45637
-50.0,1,11108.5683
-50.0,1,11108.568357
-50.0,1,11109.696331
-50.0,1,11109.69641
-50.0,1,11110.832403
-50.0,1,11110.832459
-50.0,1,11112.614342
-32.0,1,11112.614417
-50.0,1,11113.77858
-50.0,1,11113.77864
-50.0,1,11114.896821
-50.0,1,11114.896878
-50.0,1,11116.52218
-32.0,1,11116.522239
-50.0,1,11117.637573
-50.0,1,11117.637638
-50.0,1,11120.221429
-32.0,1,11122.165765
-47.0,2,11122.165832
-50.0,1,11123.532245
-50.0,1,11123.53231
-50.0,1,11124.947004
-50.0,1,11124.94706
-50.0,1,11126.224374
-50.0,1,11126.224447
-50.0,1,11127.348618
-50.0,1,11127.348674
-50.0,1,11128.481204
-50.0,1,11128.48126
-32.0,1,11130.285899
-50.0,1,11130.285958
-50.0,1,11131.449874
-50.0,1,11131.449934
-50.0,1,11132.803898
-50.0,1,11132.803983
-50.0,1,11134.115468
-50.0,1,11134.115531
-50.0,1,11135.332489
-50.0,1,11135.33255
-50.0,1,11136.736554
-50.0,1,11136.736616
-50.0,1,11137.813645
-50.0,1,11137.813704
-50.0,1,11139.248445
-50.0,1,11139.248519
-50.0,1,11140.645425
-50.0,1,11140.645508
-50.0,1,11141.951653
-50.0,1,11141.951714
-50.0,1,11143.443885
-50.0,1,11143.443943
-50.0,1,11144.62229
-50.0,1,11144.622347
-50.0,1,11145.914549
-50.0,1,11145.914663
-50.0,1,11147.154955
-50.0,1,11147.155005
-50.0,1,11148.889846
-50.0,1,11148.88994
-50.0,1,11150.428133
-50.0,1,11150.428188
-50.0,1,11151.61569
-50.0,1,11151.615751
-32.0,1,11153.425999
-50.0,1,11153.426095
-50.0,1,11154.609216
-50.0,1,11154.609273
-50.0,1,11156.363046
-32.0,1,11156.36311
-50.0,1,11157.523899
-50.0,1,11157.523958
-50.0,1,11158.666762
-50.0,1,11158.666832
-50.0,1,11159.80388
-50.0,1,11159.803938
-50.0,1,11160.95349
-50.0,1,11160.953549
-50.0,1,11162.099541
-50.0,1,11162.099603
-50.0,1,11163.232754
-50.0,1,11163.232813
-50.0,1,11164.372542
-50.0,1,11164.372598
-50.0,1,11165.494864
-50.0,1,11165.49492
-50.0,1,11166.616204
-50.0,1,11166.616259
-50.0,1,11167.744544
-50.0,1,11167.744606
-50.0,1,11168.90348
-50.0,1,11168.903557
-50.0,1,11170.506159
-50.0,1,11170.506217
-50.0,1,11171.803243
-50.0,1,11171.803306
-50.0,1,11173.798421
-50.0,1,11173.798512
-50.0,1,11177.218663
-35.0,1,11177.218762
-50.0,1,11179.056018
-50.0,1,11179.056073
-50.0,1,11180.680235
-50.0,1,11180.680296
-50.0,1,11182.253172
-50.0,1,11182.253229
-50.0,1,11184.103616
-50.0,1,11184.103708
-50.0,1,11185.806622
-50.0,1,11185.806716
-50.0,1,11187.457805
-50.0,1,11187.457861
-50.0,1,11188.590779
-50.0,1,11188.59084
-50.0,1,11190.3862
-2.0,2,11192.02844
-50.0,1,11192.028499
-50.0,1,11193.164739
-50.0,1,11193.164799
-32.0,1,11194.892493
-50.0,1,11194.892553
-50.0,1,11196.029135
-50.0,1,11196.029192
-50.0,1,11197.16451
-50.0,1,11197.164579
-50.0,1,11198.282818
-50.0,1,11198.282875
-50.0,1,11199.422882
-50.0,1,11199.422939
-50.0,1,11200.601776
-50.0,1,11200.601839
-50.0,1,11201.777488
-50.0,1,11201.777545
-50.0,1,11202.953768
-50.0,1,11202.95383
-50.0,1,11204.090087
-50.0,1,11204.090146
-50.0,1,11205.276176
-50.0,1,11205.276247
-50.0,1,11206.414973
-50.0,1,11206.415032
-50.0,1,11207.638576
-50.0,1,11207.638688
-50.0,1,11209.60234
-32.0,1,11209.602408
-50.0,1,11210.78185
-50.0,1,11210.781914
-50.0,1,11211.984097
-50.0,1,11211.984155
-50.0,1,11213.150231
-50.0,1,11213.150288
-50.0,1,11214.28332
-50.0,1,11214.283379
-50.0,1,11215.541781
-50.0,1,11215.541841
-50.0,1,11216.736496
-50.0,1,11216.736552
-50.0,1,11217.80805
-50.0,1,11217.808108
-50.0,1,11218.951758
-50.0,1,11218.951814
-50.0,1,11220.039328
-50.0,1,11220.039385
-50.0,1,11221.127835
-50.0,1,11221.12789
-50.0,1,11222.262984
-50.0,1,11222.263053
-50.0,1,11223.521678
-50.0,1,11223.521742
-50.0,1,11224.712242
-50.0,1,11224.712318
-50.0,1,11225.828294
-50.0,1,11225.82835
-50.0,1,11226.99129
-50.0,1,11226.991357
-50.0,1,11228.134703
-50.0,1,11228.134769
-32.0,1,11229.886372
-50.0,1,11229.886432
-50.0,1,11230.996408
-50.0,1,11230.99646
-50.0,1,11232.707836
-35.0,2,11233.817312
-50.0,1,11233.817385
-32.0,1,11235.569955
-50.0,1,11235.570012
-50.0,1,11236.741119
-50.0,1,11236.74123
-50.0,1,11237.830436
-50.0,1,11237.830504
-50.0,1,11238.945899
-50.0,1,11238.945965
-50.0,1,11240.648058
-50.0,1,11240.648139
-50.0,1,11241.802667
-50.0,1,11241.802736
-50.0,1,11243.000538
-50.0,1,11243.000595
-50.0,1,11244.12125
-50.0,1,11244.121395
-50.0,1,11245.234962
-50.0,1,11245.235018
-50.0,1,11246.388994
-50.0,1,11246.389064
-50.0,1,11247.587089
-50.0,1,11247.587147
-50.0,1,11248.820785
-50.0,1,11248.820844
-50.0,1,11249.980751
-50.0,1,11249.980808
-50.0,1,11251.120754
-50.0,1,11251.120809
-50.0,1,11252.258397
-50.0,1,11252.258469
-50.0,1,11253.435745
-50.0,1,11253.435806
-50.0,1,11254.530918
-50.0,1,11254.530977
-50.0,1,11255.618592
-50.0,1,11255.618651
-50.0,1,11256.798298
-50.0,1,11256.798355
-50.0,1,11257.942048
-50.0,1,11257.942102
-50.0,1,11259.115084
-50.0,1,11259.115143
-50.0,1,11260.284208
-50.0,1,11260.286828
-50.0,1,11261.397642
-50.0,1,11261.397697
-32.0,1,11263.197163
-50.0,1,11263.197221
-50.0,1,11265.539798
-50.0,1,11266.65014
-44.0,2,11266.650206
-50.0,1,11267.973825
-50.0,1,11267.973886
-50.0,1,11269.134575
-50.0,1,11269.134634
-50.0,1,11270.319468
-50.0,1,11270.319523
-50.0,1,11271.485078
-50.0,1,11271.485135
-50.0,1,11272.642175
-50.0,1,11272.642242
-50.0,1,11273.792957
-50.0,1,11273.793005
-50.0,1,11274.9515
-50.0,1,11274.951561
-50.0,1,11276.110367
-50.0,1,11276.110425
-50.0,1,11277.279675
-50.0,1,11277.279731
-50.0,1,11278.440738
-50.0,1,11278.440799
-50.0,1,11279.631876
-50.0,1,11279.631949
-50.0,1,11280.809606
-50.0,1,11280.809664
-50.0,1,11281.983126
-50.0,1,11281.983181
-50.0,1,11283.174925
-50.0,1,11283.174984
-50.0,1,11284.504689
-50.0,1,11284.50477
-50.0,1,11286.953756
-50.0,1,11286.953821
-50.0,1,11288.302769
-50.0,1,11288.302828
-50.0,1,11289.554238
-50.0,1,11289.554299
-50.0,1,11290.804438
-50.0,1,11290.804524
-50.0,1,11292.142529
-50.0,1,11292.142601
-50.0,1,11293.367444
-50.0,1,11293.367499
-50.0,1,11294.57503
-50.0,1,11294.575091
-32.0,1,11296.553056
-50.0,1,11296.553114
-50.0,1,11297.802069
-50.0,1,11297.802127
-50.0,1,11299.014227
-50.0,1,11299.014294
-50.0,1,11300.222383
-50.0,1,11300.222451
-50.0,1,11301.403913
-50.0,1,11301.403971
-50.0,1,11302.586633
-50.0,1,11302.586705
-50.0,1,11303.805308
-50.0,1,11303.805384
-50.0,1,11304.97853
-50.0,1,11304.978587
-50.0,1,11306.121413
-50.0,1,11306.121473
-50.0,1,11307.257962
-50.0,1,11307.258021
-50.0,1,11308.387433
-50.0,1,11308.387501
-50.0,1,11309.543912
-50.0,1,11309.543971
-32.0,1,11311.270425
-50.0,1,11311.270482
-50.0,1,11312.416834
-50.0,1,11312.416908
-50.0,1,11314.727214
-44.0,2,11316.037682
-50.0,1,11316.037739
-50.0,1,11317.460753
-50.0,1,11317.460826
-32.0,1,11319.74076
-50.0,1,11319.740866
-50.0,1,11321.546664
-50.0,1,11321.546721
-50.0,1,11322.690655
-50.0,1,11322.690716
-50.0,1,11324.435076
-38.0,2,11325.587776
-50.0,1,11325.587832
-32.0,1,11328.064856
-2.0,2,11329.682146
-50.0,1,11329.682205
-32.0,1,11331.576907
-50.0,1,11331.576976
-50.0,1,11332.721349
-50.0,1,11332.721406
-50.0,1,11333.916006
-50.0,1,11333.916063
-50.0,1,11335.13039
-50.0,1,11335.130448
-50.0,1,11336.321073
-50.0,1,11336.32113
-50.0,1,11337.667233
-50.0,1,11337.667296
-50.0,1,11338.933045
-50.0,1,11338.933101
-50.0,1,11340.203976
-50.0,1,11340.204035
-50.0,1,11342.526857
-44.0,2,11344.160873
-32.0,1,11344.160937
-50.0,1,11345.283528
-50.0,1,11345.283588
-50.0,1,11348.325677
-50.0,2,11349.397804
-50.0,1,11349.39786
-50.0,1,11350.554052
-50.0,1,11350.554123
-50.0,1,11351.697298
-50.0,1,11351.697357
-50.0,1,11352.860713
-50.0,1,11352.860774
-50.0,1,11354.043946
-50.0,1,11354.044003
-50.0,1,11355.23421
-50.0,1,11355.234267
-50.0,1,11356.441435
-50.0,1,11356.441501
-50.0,1,11357.640498
-50.0,1,11357.640551
-50.0,1,11358.833374
-50.0,1,11358.83343
-50.0,1,11360.062154
-50.0,1,11360.062217
-50.0,1,11361.228677
-50.0,1,11361.228738
-50.0,1,11362.357194
-50.0,1,11362.357248
-50.0,1,11365.005526
-44.0,2,11366.29433
-50.0,1,11366.294382
-50.0,1,11367.537714
-50.0,1,11367.53777
-50.0,1,11369.914005
-35.0,2,11371.424256
-50.0,1,11371.424306
-50.0,1,11373.50335
-32.0,1,11373.503406
-50.0,1,11374.689371
-50.0,1,11374.689428
-50.0,1,11375.883249
-50.0,1,11375.88331
-50.0,1,11377.067643
-50.0,1,11377.0677
-50.0,1,11378.749552
-50.0,1,11378.749614
-50.0,1,11380.166961
-50.0,1,11380.167021
-50.0,1,11381.626188
-50.0,1,11381.626274
-50.0,1,11383.218425
-50.0,1,11383.218532
-50.0,1,11384.787292
-50.0,1,11384.787349
-50.0,1,11386.484917
-50.0,1,11386.484985
-50.0,1,11387.633407
-50.0,1,11387.633463
-50.0,1,11389.358486
-50.0,1,11390.493457
-35.0,2,11390.493523
-50.0,1,11391.618861
-50.0,1,11391.618921
-50.0,1,11393.448568
-50.0,1,11395.22368
-2.0,2,11395.223736
-50.0,1,11396.962295
-32.0,1,11396.962406
-50.0,1,11398.240955
-50.0,1,11398.241027
-50.0,1,11399.38881
-50.0,1,11399.388881
-50.0,1,11400.515961
-50.0,1,11400.516017
-50.0,1,11401.68878
-50.0,1,11401.688837
-50.0,1,11402.854626
-50.0,1,11402.854684
-50.0,1,11403.982508
-50.0,1,11403.982577
-32.0,1,11406.415795
-50.0,1,11406.415873
-50.0,1,11407.795001
-50.0,1,11407.795066
-50.0,1,11409.044245
-50.0,1,11409.044319
-50.0,1,11410.568304
-50.0,1,11410.568372
-50.0,1,11411.798772
-50.0,1,11411.798836
-50.0,1,11412.920493
-50.0,1,11412.920548
-50.0,1,11414.10443
-50.0,1,11414.104487
-50.0,1,11415.274072
-50.0,1,11415.274188
-50.0,1,11416.40299
-50.0,1,11416.403047
-50.0,1,11417.542324
-50.0,1,11417.54238
-50.0,1,11418.79085
-50.0,1,11418.790908
-50.0,1,11419.917978
-50.0,1,11419.918035
-50.0,1,11421.053669
-50.0,1,11421.053734
-50.0,1,11422.212458
-50.0,1,11422.212513
-50.0,1,11423.353476
-50.0,1,11423.353523
-50.0,1,11425.036978
-32.0,1,11425.037036
-50.0,1,11426.161183
-50.0,1,11426.161241
-50.0,1,11427.314997
-50.0,1,11427.315053
-50.0,1,11428.434777
-50.0,1,11428.434834
-50.0,1,11429.562245
-50.0,1,11429.562304
-50.0,1,11430.776741
-50.0,1,11430.776801
-50.0,1,11431.993123
-50.0,1,11431.99319
-50.0,1,11433.161346
-50.0,1,11433.161407
-50.0,1,11434.321213
-50.0,1,11434.321267
-50.0,1,11435.538727
-50.0,1,11435.538791
-50.0,1,11436.844796
-50.0,1,11436.844852
-50.0,1,11438.456288
-50.0,1,11438.456387
-50.0,1,11440.596995
-50.0,1,11440.597089
-50.0,1,11441.992074
-50.0,1,11441.992131
-50.0,1,11444.469582
-32.0,1,11444.469675
-50.0,1,11446.290817
-50.0,1,11446.290877
-50.0,1,11448.091302
-32.0,1,11448.091358
-50.0,1,11449.199757
-50.0,1,11449.199816
-50.0,1,11450.309782
-50.0,1,11450.309844
-50.0,1,11451.448349
-50.0,1,11451.448406
-50.0,1,11452.574443
-50.0,1,11452.574498
-50.0,1,11453.764225
-50.0,1,11453.76428
-50.0,1,11454.884784
-50.0,1,11454.884842
-50.0,1,11455.99178
-50.0,1,11455.991848
-50.0,1,11457.147914
-50.0,1,11457.147972
-50.0,1,11458.311477
-50.0,1,11458.311535
-50.0,1,11459.45017
-50.0,1,11459.450251
-50.0,1,11460.582461
-50.0,1,11460.582524
-50.0,1,11461.789969
-50.0,1,11461.790032
-50.0,1,11462.932054
-50.0,1,11462.932112
-50.0,1,11464.070756
-50.0,1,11464.070814
-50.0,1,11465.962805
-50.0,1,11467.769496
-2.0,2,11467.769554
-50.0,1,11469.58753
-35.0,1,11469.587618
-50.0,1,11471.202305
-50.0,1,11471.202369
-50.0,1,11472.587869
-50.0,1,11472.587974
-50.0,1,11474.30554
-50.0,1,11474.305605
-50.0,1,11475.824413
-50.0,1,11475.824512
-50.0,1,11477.919669
-50.0,1,11477.919774
-50.0,1,11480.224225
-32.0,1,11480.224284
-50.0,1,11481.615932
-50.0,1,11481.615979
-50.0,1,11483.142051
-50.0,1,11483.142161
-50.0,1,11485.026895
-50.0,1,11485.026954
-50.0,1,11486.181567
-50.0,1,11486.181625
-50.0,1,11487.328724
-50.0,1,11487.328783
-50.0,1,11488.498559
-50.0,1,11488.498616
-50.0,1,11489.714233
-50.0,1,11489.714294
-50.0,1,11490.890224
-50.0,1,11490.890281
-50.0,1,11492.076592
-50.0,1,11492.07665
-50.0,1,11493.24872
-50.0,1,11493.248776
-50.0,1,11494.433588
-50.0,1,11494.433646
-50.0,1,11495.587303
-50.0,1,11495.58736
-50.0,1,11496.734171
-50.0,1,11496.734223
-50.0,1,11497.862642
-50.0,1,11497.862698
-50.0,1,11499.003974
-50.0,1,11499.004029
-50.0,1,11500.119197
-50.0,1,11500.119276
-50.0,1,11501.237206
-50.0,1,11501.237264
-50.0,1,11502.371959
-50.0,1,11502.372015
-50.0,1,11503.47796
-50.0,1,11503.47802
-50.0,1,11504.781042
-50.0,1,11504.781116
-50.0,1,11505.983914
-50.0,1,11505.983981
-50.0,1,11507.29859
-50.0,1,11507.298647
-50.0,1,11508.472202
-50.0,1,11508.47226
-50.0,1,11509.733607
-50.0,1,11509.73367
-50.0,1,11511.413805
-50.0,1,11511.413898
-50.0,1,11513.512078
-50.0,1,11513.51219
-50.0,1,11515.414927
-50.0,1,11515.415021
-50.0,1,11517.228468
-50.0,1,11517.228524
-50.0,1,11518.771877
-50.0,1,11518.771926
-50.0,1,11520.643671
-50.0,1,11520.643754
-50.0,1,11522.115015
-50.0,1,11522.115073
-32.0,1,11523.85607
-50.0,1,11523.85613
-50.0,1,11525.007693
-50.0,1,11525.007749
-50.0,1,11526.16175
-50.0,1,11526.161809
-50.0,1,11527.372799
-50.0,1,11527.372858
-50.0,1,11528.473231
-50.0,1,11528.47329
-50.0,1,11529.616462
-50.0,1,11529.616515
-29.0,1,11531.33024
-50.0,1,11531.330298
-50.0,1,11532.451426
-50.0,1,11532.451484
-50.0,1,11533.555465
-50.0,1,11533.555524
-50.0,1,11534.733308
-50.0,1,11534.733374
-32.0,1,11536.83861
-50.0,1,11536.838669
-50.0,1,11538.272392
-50.0,1,11538.272491
-50.0,1,11539.602807
-50.0,1,11539.602861
-50.0,1,11540.819562
-50.0,1,11540.819615
-50.0,1,11542.007185
-50.0,1,11542.007243
-50.0,1,11543.143316
-50.0,1,11543.143373
-50.0,1,11544.265436
-50.0,1,11544.265499
-50.0,1,11545.441562
-50.0,1,11545.441622
-50.0,1,11546.61592
-50.0,1,11546.616179
-50.0,1,11547.763257
-50.0,1,11547.763366
-50.0,1,11548.982351
-50.0,1,11548.982406
-50.0,1,11550.196027
-50.0,1,11550.196085
-50.0,1,11551.391824
-50.0,1,11551.391903
-50.0,1,11553.319501
-32.0,1,11553.319567
-50.0,1,11554.544356
-50.0,1,11554.544412
-50.0,1,11555.67698
-50.0,1,11555.677039
-50.0,1,11556.861805
-50.0,1,11556.861864
-50.0,1,11558.089886
-50.0,1,11558.089944
-50.0,1,11559.351156
-50.0,1,11559.351213
-50.0,1,11560.632836
-50.0,1,11560.632895
-50.0,1,11561.984195
-50.0,1,11561.984252
-50.0,1,11563.380144
-50.0,1,11563.3802
-50.0,1,11564.830715
-50.0,1,11564.830766
-50.0,1,11566.372854
-50.0,1,11566.37291
-50.0,1,11568.190302
-50.0,1,11568.190388
-50.0,1,11569.574708
-50.0,1,11569.574765
-50.0,1,11571.247234
-50.0,1,11571.24729
-50.0,1,11573.936362
-8.0,2,11576.061772
-50.0,1,11576.061834
-32.0,1,11578.138603
-50.0,1,11578.138661
-50.0,1,11579.286039
-50.0,1,11579.286098
-50.0,1,11580.494444
-50.0,1,11580.494518
-50.0,1,11581.715911
-50.0,1,11581.715994
-50.0,1,11583.062279
-50.0,1,11583.062345
-50.0,1,11584.290721
-50.0,1,11584.290778
-50.0,1,11585.535682
-50.0,1,11585.53578
-50.0,1,11587.251951
-50.0,1,11587.25201
-50.0,1,11588.878109
-50.0,1,11588.878168
-50.0,1,11590.488026
-50.0,1,11590.488113
-50.0,1,11592.063676
-50.0,1,11592.063733
-50.0,1,11593.360345
-50.0,1,11593.360414
-50.0,1,11595.043502
-50.0,1,11595.043563
-50.0,1,11596.352605
-50.0,1,11596.352661
-50.0,1,11597.452866
-50.0,1,11597.452921
-50.0,1,11598.633044
-50.0,1,11598.633101
-50.0,1,11600.547655
-2.0,2,11602.241323
-50.0,1,11602.241379
-32.0,1,11604.326388
-50.0,1,11604.326443
-50.0,1,11605.431006
-50.0,1,11605.431077
-50.0,1,11606.52221
-50.0,1,11606.522267
-50.0,1,11607.726145
-50.0,1,11607.726204
-50.0,1,11609.393495
-50.0,1,11609.393588
-50.0,1,11610.635961
-50.0,1,11610.636025
-50.0,1,11611.790618
-50.0,1,11611.790674
-50.0,1,11612.969307
-50.0,1,11612.969365
-50.0,1,11614.105402
-50.0,1,11614.105463
-50.0,1,11615.282698
-50.0,1,11615.28276
-50.0,1,11616.549757
-50.0,1,11616.549816
-50.0,1,11617.791693
-50.0,1,11617.791753
-50.0,1,11619.544744
-32.0,1,11619.544816
-50.0,1,11620.734354
-50.0,1,11620.734411
-50.0,1,11621.901091
-50.0,1,11621.901159
-50.0,1,11623.024441
-50.0,1,11623.024502
-50.0,1,11624.584518
-50.0,1,11624.584604
-50.0,1,11625.914594
-50.0,1,11625.914665
-50.0,1,11627.062192
-50.0,1,11627.062246
-32.0,1,11628.881099
-50.0,1,11628.881161
-50.0,1,11630.674103
-32.0,1,11630.674164
-50.0,1,11632.122301
-50.0,1,11632.122381
-50.0,1,11633.679724
-50.0,1,11633.679786
-50.0,1,11635.480049
-50.0,1,11635.480163
-50.0,1,11637.346758
-50.0,1,11637.346853
-50.0,1,11638.863559
-50.0,1,11638.863617
-50.0,1,11640.066303
-50.0,1,11640.066368
-50.0,1,11641.213957
-50.0,1,11641.214016
-50.0,1,11642.364724
-50.0,1,11642.364775
-50.0,1,11643.539469
-50.0,1,11643.539539
-50.0,1,11644.679992
-50.0,1,11644.680053
-50.0,1,11645.839479
-50.0,1,11645.839554
-29.0,1,11647.538618
-50.0,1,11647.538675
-50.0,1,11649.886173
-50.0,1,11651.056617
-44.0,2,11651.056675
-50.0,1,11652.313241
-50.0,1,11652.313326
-32.0,1,11654.028654
-50.0,1,11654.02872
-50.0,1,11655.221951
-50.0,1,11655.222009
-50.0,1,11656.885084
-35.0,1,11656.885166
-50.0,1,11658.061141
-50.0,1,11658.061198
-50.0,1,11659.711186
-50.0,1,11659.711238
-50.0,1,11661.42176
-50.0,1,11661.421858
-50.0,1,11664.329616
-50.0,1,11667.82333
-12.0,2,11667.823419
-50.0,1,11670.621222
-50.0,1,11672.56091
-8.0,2,11672.561001
-50.0,1,11674.765147
-32.0,1,11674.765221
-50.0,1,11676.401702
-50.0,1,11676.401773
-50.0,1,11677.832611
-50.0,1,11677.8327
-50.0,1,11679.331351
-50.0,1,11679.331434
-50.0,1,11681.123304
-50.0,1,11681.123359
-50.0,1,11682.529615
-50.0,1,11682.529692
-50.0,1,11684.060822
-50.0,1,11684.060892
-50.0,1,11686.682142
-32.0,1,11686.682246
-50.0,1,11687.987044
-50.0,1,11687.987141
-50.0,1,11689.84575
-32.0,1,11689.845821
-50.0,1,11691.055184
-50.0,1,11691.05524
-50.0,1,11692.181673
-50.0,1,11692.181727
-50.0,1,11693.380578
-50.0,1,11693.380636
-50.0,1,11694.510349
-50.0,1,11694.510409
-50.0,1,11695.678944
-50.0,1,11695.679007
-50.0,1,11697.388154
-50.0,1,11698.399949
-35.0,2,11698.400013
-32.0,1,11700.591092
-50.0,1,11701.950591
2.0,2,11701.950641
-50.0,1,11703.884054
-35.0,1,11703.884118
-50.0,1,11705.000671
-50.0,1,11705.00073
-50.0,1,11706.140096
-50.0,1,11706.140152
-50.0,1,11707.247592
-50.0,1,11707.247649
-50.0,1,11708.425881
-50.0,1,11708.42594
-50.0,1,11709.60074
-50.0,1,11709.600815
-50.0,1,11711.332408
-32.0,1,11711.332469
-50.0,1,11712.505338
-50.0,1,11712.505398
-50.0,1,11713.666708
-50.0,1,11713.666765
-50.0,1,11714.847584
-50.0,1,11714.847641
-50.0,1,11715.994145
-50.0,1,11715.994204
-50.0,1,11717.141801
-50.0,1,11717.141858
-32.0,1,11718.932461
-50.0,1,11718.932518
-50.0,1,11720.082538
-50.0,1,11720.082609
-50.0,1,11721.224496
-50.0,1,11721.224565
-50.0,1,11722.369983
-50.0,1,11722.370038
-50.0,1,11723.537546
-50.0,1,11723.537605
-50.0,1,11724.680518
-50.0,1,11724.680575
-50.0,1,11725.829
-50.0,1,11725.829079
-50.0,1,11727.049648
-50.0,1,11727.049707
-50.0,1,11728.16539
-50.0,1,11728.16546
-50.0,1,11729.441114
-50.0,1,11729.441178
-50.0,1,11731.099742
-50.0,1,11731.099792
-50.0,1,11732.234446
-50.0,1,11732.234546
-50.0,1,11734.407633
-50.0,1,11734.407751
-50.0,1,11736.565538
-50.0,1,11736.56563
-50.0,1,11739.204483
-29.0,1,11739.204587
-50.0,1,11741.429353
-50.0,1,11741.429452
-50.0,1,11743.66059
-50.0,1,11743.660687
-50.0,1,11746.449147
-8.0,2,11748.229776
-50.0,1,11748.229833
-50.0,1,11749.458164
-50.0,1,11749.45822
-50.0,1,11750.649464
-50.0,1,11750.649521
-50.0,1,11751.886826
-50.0,1,11751.886883
-50.0,1,11753.096073
-50.0,1,11753.096131
-50.0,1,11755.172674
-50.0,1,11755.172745
-32.0,1,11757.362258
-50.0,1,11757.362315
-50.0,1,11758.557433
-50.0,1,11758.557495
-50.0,1,11759.740056
-50.0,1,11759.740121
-50.0,1,11761.121717
-50.0,1,11761.121773
-50.0,1,11762.3142
-50.0,1,11762.314257
-50.0,1,11764.743633
-44.0,2,11765.998508
-50.0,1,11765.998564
-50.0,1,11767.414433
-50.0,1,11767.414493
-29.0,1,11769.163004
-50.0,1,11769.163061
-50.0,1,11770.469356
-50.0,1,11770.469412
-50.0,1,11772.270961
-50.0,1,11772.271022
-50.0,1,11773.526135
-50.0,1,11773.526186
-50.0,1,11775.376925
-50.0,1,11775.37702
-50.0,1,11776.924033
-50.0,1,11776.924088
-50.0,1,11778.217114
-50.0,1,11778.217169
-50.0,1,11779.356088
-50.0,1,11779.356171
-50.0,1,11780.578821
-50.0,1,11780.578879
-50.0,1,11781.713252
-50.0,1,11781.713309
-50.0,1,11783.996585
-44.0,2,11785.044025
-50.0,1,11785.044082
-50.0,1,11786.235344
-50.0,1,11786.235404
-50.0,1,11788.103202
-2.0,2,11789.819256
-50.0,1,11789.819309
-50.0,1,11791.883021
-2.0,2,11793.588583
-50.0,1,11793.588646
-50.0,1,11795.01475
-50.0,1,11795.014814
-50.0,1,11796.198962
-50.0,1,11796.199021
-50.0,1,11798.1467
-50.0,1,11800.082555
-2.0,2,11800.082684
-50.0,1,11803.713065
-50.0,1,11808.649038
-5.0,2,11808.649151
-29.0,1,11812.963004
-5.0,2,11816.950236
-50.0,1,11816.950336
-50.0,1,11819.973042
-50.0,1,11819.973129
4.0,1,11826.719555
-50.0,1,11826.719699
-50.0,1,11829.096972
-50.0,1,11829.097068
-29.0,1,11835.77062
4.0,1,11835.770695
-50.0,1,11838.870089
-50.0,1,11838.870162
-29.0,1,11843.399962
-50.0,1,11843.400023
-50.0,1,11846.134909
-50.0,1,11846.135
-50.0,1,11848.251616
-50.0,1,11848.251758
-50.0,1,11850.825032
-50.0,1,11850.825119
-50.0,1,11853.3816
-50.0,1,11853.381726
-50.0,1,11855.391322
-50.0,1,11855.391398
-50.0,1,11858.289528
-32.0,1,11858.289584
-50.0,1,11860.730085
-50.0,1,11860.730214
-50.0,1,11862.407118
-50.0,1,11862.407209
-50.0,1,11864.064797
-50.0,1,11864.064863
-50.0,1,11865.698577
-50.0,1,11865.6987
-50.0,1,11868.500713
-50.0,1,11868.501055
-50.0,1,11870.227006
-50.0,1,11870.227064
-50.0,1,11872.843187
-50.0,1,11872.843241
-50.0,1,11874.989606
-50.0,1,11874.989662
-32.0,1,11878.060401
-50.0,1,11878.0605
-50.0,1,11879.754017
-50.0,1,11879.754136
-50.0,1,11881.33141
-50.0,1,11881.331466
-50.0,1,11883.433211
-50.0,1,11883.433382
-50.0,1,11886.236897
-50.0,1,11886.236992
-50.0,1,11888.762635
-50.0,1,11888.762688
-50.0,1,11890.359336
-50.0,1,11890.359392
-50.0,1,11891.871973
-50.0,1,11891.872025
-32.0,1,11894.259108
-50.0,1,11894.259169
-50.0,1,11896.53357
-35.0,1,11896.533629
-50.0,1,11900.805416
-44.0,2,11903.707105
-50.0,1,11903.707186
-50.0,1,11906.120874
-50.0,1,11906.121102
-50.0,1,11909.194389
-50.0,1,11909.194449
-50.0,1,11912.373369
-50.0,1,11912.373469
-50.0,1,11914.713965
-50.0,1,11914.714054
-29.0,1,11917.170963
-50.0,1,11917.171022
-50.0,1,11919.2169
-50.0,1,11919.216993
-50.0,1,11921.260499
-50.0,1,11921.260607
-50.0,1,11923.855387
-50.0,1,11923.855447
-50.0,1,11926.862943
-38.0,1,11926.863007
-50.0,1,11928.811748
-50.0,1,11928.811807
-50.0,1,11930.799301
-50.0,1,11930.799361
-50.0,1,11932.824413
-50.0,1,11932.824468
-50.0,1,11935.540828
-50.0,1,11935.540908
-50.0,1,11938.339678
-50.0,1,11938.339818
-50.0,1,11940.799194
-50.0,1,11940.799295
-50.0,1,11943.334786
-50.0,1,11943.334923
-50.0,1,11945.329403
-50.0,1,11945.32946
-50.0,1,11948.173131
-35.0,1,11948.17319
-50.0,1,11950.036272
-32.0,1,11950.036324
-50.0,1,11952.180199
-50.0,1,11952.180294
-50.0,1,11954.24176
-50.0,1,11954.241872
-50.0,1,11956.900177
-5.0,2,11960.40309
-50.0,1,11960.403204
-35.0,1,11963.159828
-50.0,1,11963.159911
-50.0,1,11964.847795
-50.0,1,11964.847862
-50.0,1,11967.099951
-50.0,1,11967.10002
-50.0,1,11968.899617
-50.0,1,11968.899683
-50.0,1,11971.114535
-50.0,1,11971.114603
-50.0,1,11973.009672
-50.0,1,11973.009759
-50.0,1,11975.455794
-50.0,1,11975.455852
-50.0,1,11977.619738
-50.0,1,11977.619795
-50.0,1,11979.72684
-50.0,1,11979.726925
-50.0,1,11981.859927
-35.0,1,11981.859981
-50.0,1,11983.42022
-50.0,1,11983.420284
-50.0,1,11985.791278
-50.0,1,11985.791332
-50.0,1,11988.579668
-50.0,1,11991.18351
-8.0,2,11991.183568
-50.0,1,11995.205773
-5.0,1,11995.205829
-32.0,1,11997.841764
-50.0,1,11997.841819
-50.0,1,12000.705912
-26.0,1,12000.705999
-50.0,1,12002.718286
-50.0,1,12002.718356
-50.0,1,12004.898116
-50.0,1,12004.898191
-50.0,1,12007.017448
-50.0,1,12007.017656
-50.0,1,12009.67579
-50.0,1,12009.675882
-50.0,1,12012.198745
-50.0,1,12012.198837
-50.0,1,12014.510092
-26.0,1,12014.510155
-50.0,1,12016.091245
-50.0,1,12016.091319
-50.0,1,12018.636399
-50.0,1,12018.636461
-50.0,1,12020.888998
-50.0,1,12020.889055
-50.0,1,12023.655409
-50.0,1,12023.655535
-50.0,1,12026.563516
-50.0,1,12029.74885
-8.0,2,12029.748911
-50.0,1,12032.376263
-32.0,1,12032.376322
-50.0,1,12034.710322
-50.0,1,12034.710411
-50.0,1,12037.115002
-50.0,1,12037.115099
-50.0,1,12039.235088
-50.0,1,12039.235145
-50.0,1,12041.420119
-50.0,1,12041.420271
-32.0,1,12043.910936
-50.0,1,12043.910988
-50.0,1,12046.146837
-50.0,1,12046.146904
-50.0,1,12047.977712
-50.0,1,12047.977797
-50.0,1,12050.197917
-50.0,1,12050.197972
-50.0,1,12052.344589
-50.0,1,12052.344727
-50.0,1,12054.87799
-50.0,1,12054.878044
-50.0,1,12056.870734
-50.0,1,12056.870821
-50.0,1,12059.160877
-50.0,1,12059.160934
-50.0,1,12061.767902
-50.0,1,12061.767996
-50.0,1,12063.69428
-50.0,1,12063.694363
-50.0,1,12066.006246
-50.0,1,12066.006311
-50.0,1,12069.035178
-50.0,1,12069.035269
-26.0,1,12073.049316
-50.0,1,12073.049421
-50.0,1,12076.495393
-50.0,1,12076.49549
-50.0,1,12081.037541
-44.0,2,12083.112326
-50.0,1,12083.112391
-50.0,1,12085.040106
-50.0,1,12085.040164
-35.0,1,12088.055051
-50.0,1,12088.055106
-50.0,1,12090.190771
-50.0,1,12090.190836
-50.0,1,12092.380695
-50.0,1,12092.380855
-50.0,1,12094.623667
-50.0,1,12094.623763
-50.0,1,12097.17738
-50.0,1,12097.177435
-50.0,1,12098.592073
-50.0,1,12098.592128
-50.0,1,12101.671673
-50.0,1,12101.671732
-50.0,1,12104.122165
-50.0,1,12104.122221
-50.0,1,12106.862495
-32.0,1,12106.862551
-50.0,1,12109.539488
-50.0,1,12109.539631
-50.0,1,12112.532439
-50.0,1,12112.532537
-50.0,1,12114.274295
-50.0,1,12114.274363
-50.0,1,12115.983555
-50.0,1,12115.983644
-50.0,1,12117.436834
-50.0,1,12117.436887
-50.0,1,12118.801708
-50.0,1,12118.801803
-50.0,1,12120.987499
-50.0,1,12120.987557
-50.0,1,12123.636715
-50.0,1,12123.63682
-50.0,1,12125.457592
-50.0,1,12125.457647
-50.0,1,12127.822385
-50.0,1,12127.82247
-50.0,1,12129.650701
-50.0,1,12129.650812
-50.0,1,12132.035806
-50.0,1,12132.035903
-50.0,1,12135.103331
-50.0,1,12135.103425
-50.0,1,12137.696971
-50.0,1,12137.697065
-50.0,1,12142.629327
-50.0,1,12145.101123
-44.0,2,12145.101184
-50.0,1,12147.15298
-50.0,1,12147.153073
-50.0,1,12149.930091
-50.0,1,12153.238175
13.0,3,12155.814059
-50.0,1,12155.814115
-3.0,1,12160.111869
-50.0,1,12160.111934
-29.0,1,12163.94844
-35.0,1,12163.948495
-50.0,1,12165.310082
-50.0,1,12165.310139
-32.0,1,12168.689771
-50.0,1,12168.689872
-50.0,1,12170.436998
-50.0,1,12170.437064
-50.0,1,12172.034811
-50.0,1,12172.034869
-32.0,1,12174.895609
-50.0,1,12174.895704
-50.0,1,12177.820725
-32.0,1,12177.820817
-50.0,1,12180.903677
-5.0,2,12184.017187
-50.0,1,12184.017266
-50.0,1,12185.682309
-50.0,1,12185.68236
-50.0,1,12188.240407
-50.0,1,12188.240526
-50.0,1,12191.852966
-29.0,1,12191.853022
-50.0,1,12194.224101
-50.0,1,12194.224223
-35.0,1,12196.759319
-50.0,1,12196.759384
-50.0,1,12198.800048
-50.0,1,12198.800146
-50.0,1,12201.006876
-50.0,1,12201.00697
-50.0,1,12204.913495
-50.0,1,12204.913569
-50.0,1,12207.858599
-50.0,1,12207.858752
-50.0,1,12210.574973
-50.0,1,12210.575031
-50.0,1,12212.643594
-50.0,1,12212.643651
-50.0,1,12214.426345
-50.0,1,12214.426409
-50.0,1,12218.64034
-44.0,2,12220.681529
-50.0,1,12220.681624
-50.0,1,12222.08264
-50.0,1,12222.0827
-50.0,1,12223.889749
-50.0,1,12223.889808
-50.0,1,12226.098473
-50.0,1,12226.09853
-50.0,1,12228.301475
-50.0,1,12228.301555
-50.0,1,12230.496401
-50.0,1,12230.496461
-50.0,1,12234.234929
-29.0,1,12236.640515
-44.0,2,12236.640603
-50.0,1,12239.40973
-50.0,1,12239.409848
-50.0,1,12241.966632
-50.0,1,12241.966753
-50.0,1,12244.260971
-50.0,1,12244.261028
-32.0,1,12246.830025
-50.0,1,12246.830082
-50.0,1,12248.998536
-50.0,1,12248.998621
-50.0,1,12251.727765
-50.0,1,12251.727826
-50.0,1,12254.203055
-50.0,1,12254.203114
-50.0,1,12256.552503
-38.0,1,12256.552558
-50.0,1,12258.898868
-50.0,1,12258.898918
-50.0,1,12260.447311
-50.0,1,12260.447372
-50.0,1,12263.039489
-50.0,1,12263.039626
-50.0,1,12265.513562
-50.0,1,12265.513684
-26.0,1,12267.447891
-50.0,1,12267.447947
-50.0,1,12269.668048
-50.0,1,12269.668171
-50.0,1,12272.022599
-50.0,1,12272.022657
-50.0,1,12275.104937
-29.0,1,12275.10506
-50.0,1,12277.275917
-50.0,1,12277.276012
-26.0,1,12279.839195
-50.0,1,12279.839294
-50.0,1,12283.142139
-50.0,1,12283.142223
-50.0,1,12284.983446
-50.0,1,12284.983507
-50.0,1,12287.487691
-35.0,1,12287.487745
-50.0,1,12288.665
-50.0,1,12288.665064
-50.0,1,12290.815177
-50.0,1,12290.815233
-50.0,1,12292.719024
-50.0,1,12292.719119
-50.0,1,12294.547114
-50.0,1,12294.547173
-50.0,1,12296.992997
-50.0,1,12296.993134
-50.0,1,12299.626674
-50.0,1,12299.626732
-50.0,1,12302.21263
-50.0,1,12302.212694
-35.0,1,12305.352148
-35.0,1,12305.352217
-50.0,1,12307.25671
-50.0,1,12307.256786
-50.0,1,12309.689568
-50.0,1,12309.689656
-50.0,1,12312.875981
-50.0,1,12312.876033
-50.0,1,12316.287868
-29.0,1,12320.23665
-8.0,2,12320.236734
-50.0,1,12323.152833
-35.0,1,12323.152889
-50.0,1,12325.740808
-50.0,1,12325.740866
-32.0,1,12328.067008
-50.0,1,12328.06706
-50.0,1,12330.986498
-50.0,1,12330.98661
-50.0,1,12332.950698
-50.0,1,12332.950758
-50.0,1,12334.935758
-50.0,1,12334.935818
-50.0,1,12337.947221
-50.0,1,12337.947297
-50.0,1,12341.849846
-29.0,1,12341.849906
-50.0,1,12344.049706
-50.0,1,12344.049809
-50.0,1,12346.023526
-50.0,1,12346.02358
-50.0,1,12347.851701
-50.0,1,12347.851758
-50.0,1,12350.002012
-50.0,1,12350.002079
-50.0,1,12352.142401
-50.0,1,12352.142453
-50.0,1,12353.682129
-50.0,1,12353.682185
-50.0,1,12355.77338
-50.0,1,12359.127923
-2.0,2,12359.128018
-50.0,1,12362.336695
-32.0,1,12362.336751
-38.0,1,12365.645187
-50.0,1,12365.645242
-50.0,1,12367.908679
-50.0,1,12367.908739
-32.0,1,12370.272113
-50.0,1,12370.272169
-50.0,1,12372.247482
-50.0,1,12372.247609
-29.0,1,12374.695073
-50.0,1,12374.695175
-50.0,1,12376.695976
-50.0,1,12376.696037
-50.0,1,12378.552283
-50.0,1,12378.55239
-50.0,1,12381.507932
-50.0,1,12381.508027
-50.0,1,12383.910831
-50.0,1,12383.910886
-50.0,1,12386.514722
-32.0,1,12386.514778
-50.0,1,12388.92789
-50.0,1,12388.927947
-50.0,1,12390.664524
-50.0,1,12390.664642
-50.0,1,12394.379497
-32.0,1,12394.379607
-50.0,1,12397.109506
-50.0,1,12397.109608
-50.0,1,12399.570229
-50.0,1,12399.570344
-50.0,1,12401.561704
-50.0,1,12401.561759
-50.0,1,12403.612618
-50.0,1,12403.612682
-50.0,1,12405.686788
-50.0,1,12405.686843
-50.0,1,12408.944269
-5.0,2,12411.660458
-50.0,1,12411.660556
-50.0,1,12414.634256
-2.0,2,12418.641704
-32.0,1,12418.641785
-50.0,1,12420.724969
-50.0,1,12420.725127
-50.0,1,12422.849968
-50.0,1,12422.850064
-32.0,1,12426.66845
-32.0,1,12426.668515
-50.0,1,12428.714113
-50.0,1,12428.71429
-50.0,1,12431.748229
-50.0,1,12431.748358
-50.0,1,12433.559104
-50.0,1,12433.559166
-50.0,1,12436.12599
-50.0,1,12438.667213
-2.0,2,12438.667315
-50.0,1,12442.47371
-29.0,1,12442.473825
-50.0,1,12445.611616
-50.0,1,12445.611733
-50.0,1,12448.4503
-50.0,1,12448.450357
-50.0,1,12451.208678
-50.0,1,12451.20877
-50.0,1,12453.039791
-50.0,1,12453.039847
-50.0,1,12455.541869
-50.0,1,12455.541927
-50.0,1,12457.366774
-50.0,1,12457.366835
-26.0,1,12460.635257
-50.0,1,12460.635315
-50.0,1,12463.198519
-50.0,1,12463.198607
-32.0,1,12465.230259
-50.0,1,12465.230325
-50.0,1,12467.565966
-50.0,1,12467.566024
-50.0,1,12469.378036
-50.0,1,12469.378119
-50.0,1,12473.030789
-32.0,1,12473.030892
-50.0,1,12475.234229
-50.0,1,12475.2343
-50.0,1,12478.38995
-50.0,1,12482.184553
-5.0,2,12482.184632
-8.0,2,12490.590994
-38.0,2,12490.591088
-50.0,1,12492.80732
-50.0,1,12492.807391
-50.0,1,12497.850791
-50.0,1,12499.931797
-47.0,2,12499.931853
-50.0,1,12502.106203
-38.0,1,12502.106271
-50.0,1,12504.221728
-50.0,1,12504.221812
-50.0,1,12506.865285
-50.0,1,12506.865356
-50.0,1,12508.52577
-50.0,1,12508.525829
-50.0,1,12510.863044
-50.0,1,12510.863142
-50.0,1,12512.926008
-50.0,1,12512.926066
-50.0,1,12514.734565
-50.0,1,12514.734673
-50.0,1,12516.457406
-50.0,1,12516.457469
-50.0,1,12517.954511
-50.0,1,12517.954571
-50.0,1,12520.207586
-50.0,1,12520.207641
-50.0,1,12522.624898
-50.0,1,12522.624981
-35.0,1,12526.104117
-50.0,1,12526.104173
-50.0,1,12527.661185
-50.0,1,12527.661241
-50.0,1,12530.210452
-50.0,1,12530.210536
-50.0,1,12532.369156
-50.0,1,12532.36921
-50.0,1,12534.633133
-50.0,1,12534.633204
-50.0,1,12538.094523
-5.0,2,12541.614077
-50.0,1,12541.614185
-50.0,1,12544.434206
-50.0,1,12544.434304
-50.0,1,12547.457029
-50.0,1,12547.457083
-50.0,1,12550.174986
-50.0,1,12550.175083
-50.0,1,12552.659049
-50.0,1,12552.659137
-50.0,1,12554.271716
-50.0,1,12554.271781
-50.0,1,12557.418586
-32.0,1,12557.418664
-50.0,1,12559.573429
-50.0,1,12559.57357
-50.0,1,12562.661791
-32.0,1,12562.661854
-50.0,1,12564.574704
-50.0,1,12564.574764
-50.0,1,12566.586976
-50.0,1,12566.587053
-50.0,1,12567.957431
-50.0,1,12567.957493
-50.0,1,12570.27222
-50.0,1,12570.272275
-50.0,1,12572.329291
-50.0,1,12572.329361
-50.0,1,12574.427702
-50.0,1,12574.427758
-50.0,1,12576.133617
-50.0,1,12576.133673
-50.0,1,12579.162982
-8.0,2,12582.891613
-50.0,1,12582.891669
-50.0,1,12584.641872
-50.0,1,12584.641974
-50.0,1,12586.667019
-50.0,1,12586.667084
-50.0,1,12588.124447
-50.0,1,12588.124503
-50.0,1,12590.204392
-50.0,1,12590.204485
-50.0,1,12593.043825
-6.0,2,12596.233033
-50.0,1,12596.233248
-50.0,1,12598.334587
-50.0,1,12598.334641
-32.0,1,12601.282535
-50.0,1,12601.282603
-50.0,1,12603.166659
-50.0,1,12603.166718
-50.0,1,12605.464072
-50.0,1,12605.464129
-50.0,1,12609.603781
0.0,2,12612.568202
-50.0,1,12612.568257
-32.0,1,12615.314615
-50.0,1,12615.314672
-50.0,1,12617.376982
-50.0,1,12617.377067
-32.0,1,12620.168994
-50.0,1,12620.16908
-50.0,1,12622.366035
-50.0,1,12622.366158
-50.0,1,12624.954982
-50.0,1,12624.955072
-50.0,1,12627.095152
-50.0,1,12627.095209
-50.0,1,12629.58225
-50.0,1,12629.582311
-50.0,1,12631.499261
-50.0,1,12631.499364
-50.0,1,12633.994047
-50.0,1,12633.994287
-50.0,1,12636.357454
-50.0,1,12636.357543
-50.0,1,12638.621834
-50.0,1,12638.621892
